,station,timestamp,collection,value,unit,source_db,date,values,unit_check
3282044,p1.gafanha,2017-03-11 03:00:00.710000+00:00,NO2,-0.04,µg/m³,development+mongodb,2017-03-11,0.0,ok
3282122,p1.gafanha,2017-03-11 06:00:00.725000+00:00,NO2,-0.015,µg/m³,development+mongodb,2017-03-11,0.0,ok
3284441,p1.gafanha,2017-03-15 02:00:01.185000+00:00,NO2,-0.035,µg/m³,development+mongodb,2017-03-15,0.0,ok
3294358,p1.gafanha,2017-03-31 04:00:03.110000+00:00,NO2,-0.015,µg/m³,development+mongodb,2017-03-31,0.0,ok
3378702,p1.gafanha,2017-12-28 04:00:02.155000+00:00,NO2,-0.035,µg/m³,development+mongodb,2017-12-28,0.0,ok
3259522,p1.gafanha,2017-01-21 01:00:00+00:00,O3,-0.05,µg/m³,development+mongodb,2017-01-21,0.0,ok
3656498,p1.gafanha,2020-09-08 04:00:00.355000+00:00,PM25,561.0,µg/m³,mongodb,2020-09-08,561.0,ok
3656511,p1.gafanha,2020-09-08 05:00:00.360000+00:00,PM25,601.0,µg/m³,mongodb,2020-09-08,601.0,ok
3656524,p1.gafanha,2020-09-08 06:00:00.365000+00:00,PM25,713.0,µg/m³,mongodb,2020-09-08,713.0,ok
3656537,p1.gafanha,2020-09-08 07:00:00.370000+00:00,PM25,660.0,µg/m³,mongodb,2020-09-08,660.0,ok
3656550,p1.gafanha,2020-09-08 08:00:00.375000+00:00,PM25,548.0,µg/m³,mongodb,2020-09-08,548.0,ok
3656563,p1.gafanha,2020-09-08 09:00:00.380000+00:00,PM25,593.0,µg/m³,mongodb,2020-09-08,593.0,ok
3207795,p1.gafanha,2016-08-05 06:00:00.985000+00:00,Benzene,74.13,µg/m³,development+mongodb,2016-08-05,74.13,ok
3212251,p1.gafanha,2016-08-20 02:00:01.185000+00:00,Benzene,63.04,µg/m³,development+mongodb,2016-08-20,63.04,ok
3217475,p1.gafanha,2016-09-05 22:59:59.885000+00:00,Benzene,56.38,µg/m³,development+mongodb,2016-09-05,56.38,ok
3217527,p1.gafanha,2016-09-06 02:59:59.885000+00:00,Benzene,51.32,µg/m³,development+mongodb,2016-09-06,51.32,ok
3221162,p1.gafanha,2016-09-17 19:59:59.885000+00:00,Benzene,78.99,µg/m³,development+mongodb,2016-09-17,78.99,ok
3221214,p1.gafanha,2016-09-17 23:59:59.885000+00:00,Benzene,82.58,µg/m³,development+mongodb,2016-09-17,82.58,ok
3224060,p1.gafanha,2016-09-27 02:59:59.885000+00:00,Benzene,66.29,µg/m³,development+mongodb,2016-09-27,66.29,ok
3224268,p1.gafanha,2016-09-27 18:59:59.885000+00:00,Benzene,61.68,µg/m³,development+mongodb,2016-09-27,61.68,ok
3224281,p1.gafanha,2016-09-27 19:59:59.885000+00:00,Benzene,172.18,µg/m³,development+mongodb,2016-09-27,172.18,ok
3224294,p1.gafanha,2016-09-27 20:59:59.885000+00:00,Benzene,92.42,µg/m³,development+mongodb,2016-09-27,92.42,ok
3224307,p1.gafanha,2016-09-27 21:59:59.885000+00:00,Benzene,81.23,µg/m³,development+mongodb,2016-09-27,81.23,ok
3224346,p1.gafanha,2016-09-28 00:59:59.885000+00:00,Benzene,51.77,µg/m³,development+mongodb,2016-09-28,51.77,ok
3224359,p1.gafanha,2016-09-28 01:59:59.885000+00:00,Benzene,121.97,µg/m³,development+mongodb,2016-09-28,121.97,ok
3224372,p1.gafanha,2016-09-28 02:59:59.885000+00:00,Benzene,92.13,µg/m³,development+mongodb,2016-09-28,92.13,ok
3224398,p1.gafanha,2016-09-28 04:59:59.885000+00:00,Benzene,138.09,µg/m³,development+mongodb,2016-09-28,138.09,ok
3227391,p1.gafanha,2016-10-07 19:59:59.585000+00:00,Benzene,57.28,µg/m³,development+mongodb,2016-10-07,57.28,ok
3227417,p1.gafanha,2016-10-07 21:59:59.575000+00:00,Benzene,56.05,µg/m³,development+mongodb,2016-10-07,56.05,ok
3233557,p1.gafanha,2016-10-27 17:00:00.705000+00:00,Benzene,67.68,µg/m³,development+mongodb,2016-10-27,67.68,ok
3237500,p1.gafanha,2016-11-09 20:00:34.095000+00:00,Benzene,59.83,µg/m³,development+mongodb,2016-11-09,59.83,ok
3237526,p1.gafanha,2016-11-09 22:00:34.105000+00:00,Benzene,90.15,µg/m³,development+mongodb,2016-11-09,90.15,ok
3260638,p1.gafanha,2017-01-24 17:00:00+00:00,Benzene,855.14,µg/m³,development+mongodb,2017-01-24,855.14,ok
3266094,p1.gafanha,2017-02-10 22:00:00.085000+00:00,Benzene,50.39,µg/m³,development+mongodb,2017-02-10,50.39,ok
3266120,p1.gafanha,2017-02-10 23:00:00.090000+00:00,Benzene,85.0,µg/m³,development+mongodb,2017-02-10,85.0,ok
3296698,p1.gafanha,2017-04-06 22:00:20.785000+00:00,Benzene,57.55,µg/m³,development+mongodb,2017-04-06,57.55,ok
3299207,p1.gafanha,2017-04-14 23:00:09.400000+00:00,Benzene,50.83,µg/m³,development+mongodb,2017-04-14,50.83,ok
3299285,p1.gafanha,2017-04-15 05:00:12.370000+00:00,Benzene,59.88,µg/m³,development+mongodb,2017-04-15,59.88,ok
3299298,p1.gafanha,2017-04-15 06:00:12.865000+00:00,Benzene,64.87,µg/m³,development+mongodb,2017-04-15,64.87,ok
3299311,p1.gafanha,2017-04-15 07:00:13.360000+00:00,Benzene,72.35,µg/m³,development+mongodb,2017-04-15,72.35,ok
3306363,p1.gafanha,2017-05-07 22:00:32.665000+00:00,Benzene,60.8,µg/m³,development+mongodb,2017-05-07,60.8,ok
3306402,p1.gafanha,2017-05-08 01:00:34.150000+00:00,Benzene,73.0,µg/m³,development+mongodb,2017-05-08,73.0,ok
3319381,p1.gafanha,2017-06-19 01:00:00+00:00,Benzene,50.47,µg/m³,development+mongodb,2017-06-19,50.47,ok
3319432,p1.gafanha,2017-06-19 05:00:00+00:00,Benzene,85.02,µg/m³,development+mongodb,2017-06-19,85.02,ok
3332916,p1.gafanha,2017-08-01 22:59:59.885000+00:00,Benzene,94.77,µg/m³,development+mongodb,2017-08-01,94.77,ok
3335985,p1.gafanha,2017-08-11 21:00:00.800000+00:00,Benzene,54.78,µg/m³,development+mongodb,2017-08-11,54.78,ok
3347810,p1.gafanha,2017-09-18 21:00:00+00:00,Benzene,61.84,µg/m³,development+mongodb,2017-09-18,61.84,ok
3353679,p1.gafanha,2017-10-07 21:00:32.170000+00:00,Benzene,99.0,µg/m³,development+mongodb,2017-10-07,99.0,ok
3353692,p1.gafanha,2017-10-07 22:00:32.665000+00:00,Benzene,58.52,µg/m³,development+mongodb,2017-10-07,58.52,ok
3364782,p1.gafanha,2017-11-12 22:00:00.325000+00:00,Benzene,79.41,µg/m³,development+mongodb,2017-11-12,79.41,ok
3364795,p1.gafanha,2017-11-12 23:00:00.330000+00:00,Benzene,51.52,µg/m³,development+mongodb,2017-11-12,51.52,ok
3388671,p1.gafanha,2018-01-29 17:00:02.340000+00:00,Benzene,57.94,µg/m³,development+mongodb,2018-01-29,57.94,ok
3399792,p1.gafanha,2018-05-05 20:00:03.670000+00:00,Benzene,84.26,µg/m³,development+mongodb,2018-05-05,84.26,ok
3399818,p1.gafanha,2018-05-05 22:00:03.680000+00:00,Benzene,97.08,µg/m³,development+mongodb,2018-05-05,97.08,ok
3403655,p1.gafanha,2018-05-18 23:00:05.245000+00:00,Benzene,62.42,µg/m³,development+mongodb,2018-05-18,62.42,ok
3414910,p1.gafanha,2018-06-28 02:00:00+00:00,Benzene,92.92,µg/m³,development+mongodb,2018-06-28,92.92,ok
3428928,p1.gafanha,2018-08-13 03:00:00+00:00,Benzene,83.67,µg/m³,development+mongodb,2018-08-13,83.67,ok
3428941,p1.gafanha,2018-08-13 04:00:00+00:00,Benzene,67.09,µg/m³,development+mongodb,2018-08-13,67.09,ok
3428954,p1.gafanha,2018-08-13 05:00:00+00:00,Benzene,115.6,µg/m³,development+mongodb,2018-08-13,115.6,ok
3428967,p1.gafanha,2018-08-13 06:00:00+00:00,Benzene,57.92,µg/m³,development+mongodb,2018-08-13,57.92,ok
3434603,p1.gafanha,2018-08-31 08:00:00+00:00,Benzene,60.34,µg/m³,development+mongodb,2018-08-31,60.34,ok
3441933,p1.gafanha,2018-09-23 21:00:01.640000+00:00,Benzene,75.5,µg/m³,development+mongodb,2018-09-23,75.5,ok
3445316,p1.gafanha,2018-10-04 17:59:59.550000+00:00,Benzene,66.93,µg/m³,development+mongodb,2018-10-04,66.93,ok
3454322,p1.gafanha,2018-11-02 17:59:59.790000+00:00,Benzene,83.37,µg/m³,development+mongodb,2018-11-02,83.37,ok
3454335,p1.gafanha,2018-11-02 18:59:59.785000+00:00,Benzene,66.47,µg/m³,development+mongodb,2018-11-02,66.47,ok
3454452,p1.gafanha,2018-11-03 03:59:59.740000+00:00,Benzene,55.93,µg/m³,development+mongodb,2018-11-03,55.93,ok
3470991,p1.gafanha,2018-12-28 06:00:02.765000+00:00,Benzene,60.11,µg/m³,development+mongodb,2018-12-28,60.11,ok
3503036,p1.gafanha,2019-04-12 20:00:00.915000+00:00,Benzene,83.07,µg/m³,development+mongodb,2019-04-12,83.07,ok
3514008,p1.gafanha,2019-05-18 03:00:00.950000+00:00,Benzene,54.6,µg/m³,development+mongodb,2019-05-18,54.6,ok
3518286,p1.gafanha,2019-05-31 21:00:02.600000+00:00,Benzene,61.78,µg/m³,development+mongodb,2019-05-31,61.78,ok
3527018,p1.gafanha,2019-06-29 00:00:02.255000+00:00,Benzene,101.14,µg/m³,development+mongodb,2019-06-29,101.14,ok
3527031,p1.gafanha,2019-06-29 01:00:02.260000+00:00,Benzene,109.51,µg/m³,development+mongodb,2019-06-29,109.51,ok
3533182,p1.gafanha,2019-07-20 02:00:00+00:00,Benzene,56.0,µg/m³,development+mongodb,2019-07-20,56.0,ok
3533208,p1.gafanha,2019-07-20 04:00:00+00:00,Benzene,70.22,µg/m³,development+mongodb,2019-07-20,70.22,ok
3546919,p1.gafanha,2019-09-03 17:59:59.670000+00:00,Benzene,102.59,µg/m³,development+mongodb,2019-09-03,102.59,ok
3546997,p1.gafanha,2019-09-03 23:59:59.640000+00:00,Benzene,57.47,µg/m³,development+mongodb,2019-09-03,57.47,ok
3547023,p1.gafanha,2019-09-04 01:59:59.630000+00:00,Benzene,58.97,µg/m³,development+mongodb,2019-09-04,58.97,ok
3547048,p1.gafanha,2019-09-04 03:59:59.620000+00:00,Benzene,51.27,µg/m³,development+mongodb,2019-09-04,51.27,ok
3550656,p1.gafanha,2019-09-15 19:00:01.270000+00:00,Benzene,57.68,µg/m³,development+mongodb,2019-09-15,57.68,ok
3550669,p1.gafanha,2019-09-15 20:00:01.275000+00:00,Benzene,125.62,µg/m³,development+mongodb,2019-09-15,125.62,ok
3550682,p1.gafanha,2019-09-15 21:00:01.280000+00:00,Benzene,77.58,µg/m³,development+mongodb,2019-09-15,77.58,ok
3553829,p1.gafanha,2019-09-26 19:00:02.590000+00:00,Benzene,57.29,µg/m³,development+mongodb,2019-09-26,57.29,ok
3556946,p1.gafanha,2019-10-07 01:00:00.220000+00:00,Benzene,67.46,µg/m³,development+mongodb,2019-10-07,67.46,ok
3587515,p1.gafanha,2020-01-17 17:00:01.605000+00:00,Benzene,62.29,µg/m³,development+mongodb,2020-01-17,62.29,ok
3590023,p1.gafanha,2020-01-25 19:00:02.575000+00:00,Benzene,60.58,µg/m³,development+mongodb,2020-01-25,60.58,ok
3590036,p1.gafanha,2020-01-25 20:00:02.580000+00:00,Benzene,65.47,µg/m³,development+mongodb,2020-01-25,65.47,ok
3597689,p1.gafanha,2020-02-21 22:00:02+00:00,Benzene,80.47,µg/m³,development+mongodb,2020-02-21,80.47,ok
3605364,p1.gafanha,2020-03-18 07:00:01.570000+00:00,Benzene,50.68,µg/m³,development+mongodb,2020-03-18,50.68,ok
3638026,p1.gafanha,2020-07-10 02:00:00.585000+00:00,Benzene,59.28,µg/m³,development+mongodb,2020-07-10,59.28,ok
3643110,p1.gafanha,2020-07-27 00:00:02.615000+00:00,Benzene,60.45,µg/m³,development+mongodb,2020-07-27,60.45,ok
3643136,p1.gafanha,2020-07-27 02:00:02.625000+00:00,Benzene,53.97,µg/m³,development+mongodb,2020-07-27,53.97,ok
3643162,p1.gafanha,2020-07-27 04:00:02.635000+00:00,Benzene,54.02,µg/m³,development+mongodb,2020-07-27,54.02,ok
3648374,p1.gafanha,2020-08-13 02:00:00.945000+00:00,Benzene,51.84,µg/m³,development+mongodb,2020-08-13,51.84,ok
3651111,p1.gafanha,2020-08-21 21:00:02+00:00,Benzene,85.83,µg/m³,development+mongodb,2020-08-21,85.83,ok
3651150,p1.gafanha,2020-08-22 00:00:02.015000+00:00,Benzene,69.37,µg/m³,development+mongodb,2020-08-22,69.37,ok
3651163,p1.gafanha,2020-08-22 01:00:02.020000+00:00,Benzene,61.75,µg/m³,development+mongodb,2020-08-22,61.75,ok
3652988,p1.gafanha,2020-08-27 22:00:02.725000+00:00,Benzene,51.63,µg/m³,development+mongodb,2020-08-27,51.63,ok
3653001,p1.gafanha,2020-08-27 23:00:02.730000+00:00,Benzene,84.28,µg/m³,development+mongodb,2020-08-27,84.28,ok
3653014,p1.gafanha,2020-08-28 00:00:02.735000+00:00,Benzene,109.63,µg/m³,development+mongodb,2020-08-28,109.63,ok
3653027,p1.gafanha,2020-08-28 01:00:02.740000+00:00,Benzene,51.1,µg/m³,development+mongodb,2020-08-28,51.1,ok
3720778,p1.gafanha,2021-04-04 05:59:59.610000+00:00,Benzene,100.46,µg/m³,development+mongodb,2021-04-04,100.46,ok
3733075,p1.gafanha,2021-05-14 00:00:01.055000+00:00,Benzene,59.84,µg/m³,development+mongodb,2021-05-14,59.84,ok
3745700,p1.gafanha,2021-06-23 16:00:02.210000+00:00,Benzene,57.52,µg/m³,development+mongodb,2021-06-23,57.52,ok
3745765,p1.gafanha,2021-06-23 21:00:02.235000+00:00,Benzene,100.56,µg/m³,development+mongodb,2021-06-23,100.56,ok
3751015,p1.gafanha,2021-07-13 02:00:00.945000+00:00,Benzene,71.43,µg/m³,development+mongodb,2021-07-13,71.43,ok
3773190,p1.gafanha,2021-09-23 20:00:02.730000+00:00,Benzene,90.96,µg/m³,development+mongodb,2021-09-23,90.96,ok
3779395,p1.gafanha,2021-10-13 19:00:01.030000+00:00,Benzene,114.1,µg/m³,development+mongodb,2021-10-13,114.1,ok
3779408,p1.gafanha,2021-10-13 20:00:01.035000+00:00,Benzene,135.38,µg/m³,development+mongodb,2021-10-13,135.38,ok
3781662,p1.gafanha,2021-10-21 21:00:02+00:00,Benzene,68.41,µg/m³,development+mongodb,2021-10-21,68.41,ok
3785650,p1.gafanha,2021-11-04 17:59:59.550000+00:00,Benzene,76.95,µg/m³,development+mongodb,2021-11-04,76.95,ok
3809339,p1.gafanha,2022-01-19 17:00:00+00:00,Benzene,54.65,µg/m³,development+mongodb,2022-01-19,54.65,ok
3809352,p1.gafanha,2022-01-19 18:00:00+00:00,Benzene,56.14,µg/m³,development+mongodb,2022-01-19,56.14,ok
3820909,p1.gafanha,2022-02-26 19:00:00+00:00,Benzene,55.11,µg/m³,development+mongodb,2022-02-26,55.11,ok
3822832,p1.gafanha,2022-03-04 23:00:00+00:00,Benzene,144.06,µg/m³,development+mongodb,2022-03-04,144.06,ok
3842104,p1.gafanha,2022-05-05 19:00:00+00:00,Benzene,141.12,µg/m³,development+mongodb,2022-05-05,141.12,ok
3852735,p1.gafanha,2022-06-08 21:00:00+00:00,Benzene,79.8,µg/m³,development+mongodb,2022-06-08,79.8,ok
3852748,p1.gafanha,2022-06-08 22:00:00+00:00,Benzene,116.12,µg/m³,development+mongodb,2022-06-08,116.12,ok
3855231,p1.gafanha,2022-06-16 21:00:00+00:00,Benzene,59.38,µg/m³,development+mongodb,2022-06-16,59.38,ok
3855257,p1.gafanha,2022-06-16 23:00:00+00:00,Benzene,489.01,µg/m³,development+mongodb,2022-06-16,489.01,ok
3855270,p1.gafanha,2022-06-17 00:00:00+00:00,Benzene,56.88,µg/m³,development+mongodb,2022-06-17,56.88,ok
3873605,p1.gafanha,2022-08-14 22:00:00+00:00,Benzene,53.21,µg/m³,development+mongodb,2022-08-14,53.21,ok
3874849,p1.gafanha,2022-08-18 22:00:00+00:00,Benzene,91.42,µg/m³,development+mongodb,2022-08-18,91.42,ok
3881719,p1.gafanha,2022-09-10 02:00:00+00:00,Benzene,59.16,µg/m³,development+mongodb,2022-09-10,59.16,ok
3888169,p1.gafanha,2022-09-30 22:00:00+00:00,Benzene,72.38,µg/m³,development+mongodb,2022-09-30,72.38,ok
3889078,p1.gafanha,2022-10-04 01:00:00+00:00,Benzene,61.43,µg/m³,development+mongodb,2022-10-04,61.43,ok
3898631,p1.gafanha,2022-11-04 17:00:00+00:00,Benzene,85.21,µg/m³,development+mongodb,2022-11-04,85.21,ok
3898644,p1.gafanha,2022-11-04 18:00:00+00:00,Benzene,114.19,µg/m³,development+mongodb,2022-11-04,114.19,ok
3898657,p1.gafanha,2022-11-04 19:00:00+00:00,Benzene,128.87,µg/m³,development+mongodb,2022-11-04,128.87,ok
3942786,p1.gafanha,2023-03-27 21:00:00+00:00,Benzene,122.48,µg/m³,development+mongodb,2023-03-27,122.48,ok
3942799,p1.gafanha,2023-03-27 22:00:00+00:00,Benzene,63.73,µg/m³,development+mongodb,2023-03-27,63.73,ok
3942812,p1.gafanha,2023-03-27 23:00:00+00:00,Benzene,219.7,µg/m³,development+mongodb,2023-03-27,219.7,ok
3942825,p1.gafanha,2023-03-28 00:00:00+00:00,Benzene,74.51,µg/m³,development+mongodb,2023-03-28,74.51,ok
3944328,p1.gafanha,2023-04-01 20:00:00+00:00,Benzene,83.48,µg/m³,development+mongodb,2023-04-01,83.48,ok
3944341,p1.gafanha,2023-04-01 21:00:00+00:00,Benzene,63.65,µg/m³,development+mongodb,2023-04-01,63.65,ok
3944354,p1.gafanha,2023-04-01 22:00:00+00:00,Benzene,69.94,µg/m³,development+mongodb,2023-04-01,69.94,ok
3952102,p1.gafanha,2023-04-26 20:00:00+00:00,Benzene,51.16,µg/m³,development+mongodb,2023-04-26,51.16,ok
3956780,p1.gafanha,2023-05-11 21:00:00+00:00,Benzene,72.76,µg/m³,development+mongodb,2023-05-11,72.76,ok
3956793,p1.gafanha,2023-05-11 22:00:00+00:00,Benzene,65.21,µg/m³,development+mongodb,2023-05-11,65.21,ok
3956806,p1.gafanha,2023-05-11 23:00:00+00:00,Benzene,80.75,µg/m³,development+mongodb,2023-05-11,80.75,ok
3956819,p1.gafanha,2023-05-12 00:00:00+00:00,Benzene,99.34,µg/m³,development+mongodb,2023-05-12,99.34,ok
3956832,p1.gafanha,2023-05-12 01:00:00+00:00,Benzene,132.06,µg/m³,development+mongodb,2023-05-12,132.06,ok
3964579,p1.gafanha,2023-06-05 23:00:00+00:00,Benzene,84.54,µg/m³,development+mongodb,2023-06-05,84.54,ok
3968051,p1.gafanha,2023-06-17 03:00:00+00:00,Benzene,55.61,µg/m³,development+mongodb,2023-06-17,55.61,ok
3971122,p1.gafanha,2023-06-27 00:00:00+00:00,Benzene,61.2,µg/m³,development+mongodb,2023-06-27,61.2,ok
3972691,p1.gafanha,2023-07-02 01:00:00+00:00,Benzene,52.04,µg/m³,development+mongodb,2023-07-02,52.04,ok
3972704,p1.gafanha,2023-07-02 02:00:00+00:00,Benzene,128.99,µg/m³,development+mongodb,2023-07-02,128.99,ok
3972717,p1.gafanha,2023-07-02 03:00:00+00:00,Benzene,65.07,µg/m³,development+mongodb,2023-07-02,65.07,ok
3972730,p1.gafanha,2023-07-02 04:00:00+00:00,Benzene,76.5,µg/m³,development+mongodb,2023-07-02,76.5,ok
3975485,p1.gafanha,2023-07-11 00:00:00+00:00,Benzene,53.95,µg/m³,development+mongodb,2023-07-11,53.95,ok
3981751,p1.gafanha,2023-07-31 02:00:00+00:00,Benzene,86.17,µg/m³,development+mongodb,2023-07-31,86.17,ok
3981764,p1.gafanha,2023-07-31 03:00:00+00:00,Benzene,103.04,µg/m³,development+mongodb,2023-07-31,103.04,ok
3984187,p1.gafanha,2023-08-07 22:00:00+00:00,Benzene,76.67,µg/m³,development+mongodb,2023-08-07,76.67,ok
4001990,p1.gafanha,2023-10-05 20:00:00+00:00,Benzene,143.81,µg/m³,development+mongodb,2023-10-05,143.81,ok
4002003,p1.gafanha,2023-10-05 21:00:00+00:00,Benzene,66.72,µg/m³,development+mongodb,2023-10-05,66.72,ok
4007205,p1.gafanha,2023-10-22 20:00:00+00:00,Benzene,146.79,µg/m³,development+mongodb,2023-10-22,146.79,ok
4014499,p1.gafanha,2023-11-16 23:00:00+00:00,Benzene,153.91,µg/m³,development+mongodb,2023-11-16,153.91,ok
4014525,p1.gafanha,2023-11-17 01:00:00+00:00,Benzene,111.83,µg/m³,development+mongodb,2023-11-17,111.83,ok
4022066,p1.gafanha,2023-12-11 10:00:00+00:00,Benzene,324.51,µg/m³,development+mongodb,2023-12-11,324.51,ok
4024596,p1.gafanha,2023-12-19 16:00:00+00:00,Benzene,58.28,µg/m³,development+mongodb,2023-12-19,58.28,ok
4024609,p1.gafanha,2023-12-19 17:00:00+00:00,Benzene,118.15,µg/m³,development+mongodb,2023-12-19,118.15,ok
4024648,p1.gafanha,2023-12-19 20:00:00+00:00,Benzene,79.35,µg/m³,development+mongodb,2023-12-19,79.35,ok
4024661,p1.gafanha,2023-12-19 21:00:00+00:00,Benzene,124.41,µg/m³,development+mongodb,2023-12-19,124.41,ok
4036694,p1.gafanha,2024-02-02 19:00:00+00:00,Benzene,107.36,µg/m³,development+mongodb,2024-02-02,107.36,ok
4036705,p1.gafanha,2024-02-02 20:00:00+00:00,Benzene,71.32,µg/m³,development+mongodb,2024-02-02,71.32,ok
4036716,p1.gafanha,2024-02-02 21:00:00+00:00,Benzene,141.6,µg/m³,development+mongodb,2024-02-02,141.6,ok
4055024,p1.gafanha,2024-04-13 19:59:59.999000+00:00,Benzene,52.2,µg/m³,development+mongodb,2024-04-13,52.2,ok
4084433,p1.gafanha,2024-08-04 05:59:59.999000+00:00,Benzene,88.01,µg/m³,development+mongodb,2024-08-04,88.01,ok
4088846,p1.gafanha,2024-08-21 01:59:59.999000+00:00,Benzene,70.44,µg/m³,development+mongodb,2024-08-21,70.44,ok
