,pre,during,post
PM (PM10+PM25+Particles),0.19177969981489126,0.09339591862579293,0.0
NOx family (NO+NO2+NOx),0.0,0.0,0.010719178236755092
Benzene,0.008736984701477954,0.0,0.003117565985428894
CO,0.0,0.0,0.007740458702871082
O3,0.0021809908512397205,0.0,0.12789068200638398
Precipitation,0.0,0.0,0.0
Radiation,0.0,0.0,0.001558782992714447
SO2,0.0051061517017855955,0.0,0.0030808734990386646
Temperature,0.014511219233916258,0.0,0.0
WindDirection,0.0,0.0,0.01234532899039309
WindSpeed,0.0,0.0,0.001558782992714447
AQI,0.018111673335181044,0.004030825808024829,0.14548765887635381
