,pre,during,post,during-pre,post-pre
Benzene,0.34949934613973244,0.3726330919732943,-0.4592743041993984,0.02313374583356187,-0.8087736503391308
CO,-0.07616758518999471,-0.0034266229753962176,0.07538176198063531,0.0727409622145985,0.15154934717063
NO,0.1714732706211826,-0.01600074302859124,-0.1621705603596771,-0.18747401364977384,-0.3336438309808597
NO2,0.2292640763983337,0.05450523582935191,-0.24093709350658044,-0.1747588405689818,-0.4702011699049141
NOx,0.23927056720176634,0.00859846122725825,-0.23611397940546042,-0.2306721059745081,-0.47538454660722673
O3,-0.09328153878622851,-0.01032258333635252,0.09426522985359646,0.08295895544987598,0.18754676863982497
PM10,0.4454713995782434,-0.3260318373948737,-0.33093738099785697,-0.7715032369731171,-0.7764087805761004
PM25,-0.03852307076134846,0.017001704017247907,0.032174086983218594,0.05552477477859637,0.07069715774456706
Particles,-0.03852307076134846,0.017001704017247907,0.032174086983218594,0.05552477477859637,0.07069715774456706
SO2,0.6726474375823607,-0.06099921119352496,-0.6367167668823908,-0.7336466487758856,-1.3093642044647513
Temperature,0.04146251661997987,0.19813957877466792,-0.10338585555327544,0.15667706215468805,-0.1448483721732553
WindDirection,0.1142595657470217,0.0975837692764718,-0.14244757472698075,-0.016675796470549897,-0.25670714047400245
WindSpeed,0.3604391329001999,0.10256852939946456,-0.3841525573136714,-0.2578706035007353,-0.7445916902138713
