,pre,during,post,during_vs_pre_%,post_vs_pre_%
Benzene,2.2122496177370032,2.1249765258215962,0.7573806860551827,-3.9449929707607745,-65.76423022145498
CO,0.24382140672782876,0.24874413145539906,0.2538683818046234,2.0189879115353415,4.120628787943059
NO,2.8437576452599385,1.7807394366197185,1.167281879194631,-37.380759588008175,-58.95283548018616
NO2,9.511370412844038,8.1093779342723,6.684459358687547,-14.740173263344925,-29.7213853677601
NOx,14.205114678899083,11.036302816901408,8.754410887397464,-22.307541569550093,-38.37141701923984
O3,55.833800267584095,60.54792253521127,60.58157345264729,8.44313345148404,8.503403247333052
PM10,31.16814220183486,20.323356807511736,19.823266219239375,-34.794455582548956,-36.39894835287172
PM25,11.207121559633029,11.365023474178404,11.313571961222967,1.4089426415621498,0.9498460512230356
Particles,11.207121559633029,11.365023474178404,11.313571961222967,1.4089426415621498,0.9498460512230356
SO2,2.084921636085627,1.5054577464788734,0.9855014914243101,-27.793077666682862,-52.731964867775204
Temperature,15.177389143730888,15.46725352112676,15.15704697986577,1.9098434826361643,-0.13402940171379774
WindDirection,215.34431766055044,214.54386150234743,197.9660355920592,-0.3717099048161532,-8.069997972217136
WindSpeed,1.9919392626571526,1.767637323943662,1.21833030312177,-11.260480824816032,-38.8369753053326
