station,Benzenex2018,COx2018,NOx2018,NO2x2018,NOxx2018,PM10x2018,Precipitationx2018,Radiationx2018,WindDirectionx2018,WindSpeedx2018,COx2015,NOx2015,NO2x2015,NOxx2015,PM10x2015,PM25x2015,Particlesx2015,Precipitationx2015,WindDirectionx2015,WindSpeedx2015,Benzenex2014,COx2014,NOx2014,NO2x2014,NOxx2014,PM10x2014,Precipitationx2014,Radiationx2014,Toluenex2014,WindDirectionx2014,WindSpeedx2014,Xylenesx2014,Benzenex2019,COx2019,NOx2019,NO2x2019,NOxx2019,PM10x2019,Precipitationx2019,Radiationx2019,WindDirectionx2019,WindSpeedx2019,COx2020,NOx2020,NO2x2020,NOxx2020,Precipitationx2020,Radiationx2020,WindDirectionx2020,WindSpeedx2020,PM25x2014,Particlesx2014,COx2021,NOx2021,NO2x2021,NOxx2021,Precipitationx2021,Radiationx2021,WindDirectionx2021,WindSpeedx2021,COx2012,NOx2012,NO2x2012,NOxx2012,PM10x2012,Precipitationx2012,WindDirectionx2012,WindSpeedx2012,Benzenex2017,COx2017,NOx2017,NO2x2017,NOxx2017,PM10x2017,Precipitationx2017,SO2x2017,WindDirectionx2017,WindSpeedx2017,Temperaturex2014,Benzenex2016,COx2016,NOx2016,NO2x2016,NOxx2016,PM10x2016,PM25x2016,Particlesx2016,Precipitationx2016,Temperaturex2016,WindDirectionx2016,WindSpeedx2016,O3x2019,Benzenex2022,COx2022,NOx2022,NO2x2022,NOxx2022,Precipitationx2022,Radiationx2022,WindDirectionx2022,WindSpeedx2022,Temperaturex2019,COx2013,NOx2013,NO2x2013,NOxx2013,PM10x2013,Precipitationx2013,WindDirectionx2013,WindSpeedx2013,Benzenex2015,Radiationx2015,Particlesx2018,Temperaturex2018,PM25x2018,Benzenex2021,O3x2015,SO2x2015,SO2x2018,Humidityx2013,Humidityx2014,Humidityx2015,Humidityx2016,Humidityx2017,Humidityx2018,Humidityx2019,Radiationx2013,Radiationx2016,Radiationx2017,Temperaturex2013,Temperaturex2015,Temperaturex2017,Benzenex2023,COx2023,Humidityx2023,NOx2023,NO2x2023,NOxx2023,O3x2023,PM10x2023,PM25x2023,Particlesx2023,Precipitationx2023,Radiationx2023,SO2x2023,Temperaturex2023,WindDirectionx2023,WindSpeedx2023,Benzenex2024,COx2024,Humidityx2024,NOx2024,NO2x2024,NOxx2024,O3x2024,PM10x2024,PM25x2024,Particlesx2024,Precipitationx2024,Radiationx2024,SO2x2024,Temperaturex2024,WindDirectionx2024,WindSpeedx2024,Humidityx2009,Humidityx2010,Humidityx2011,Humidityx2012,Humidityx2020,Humidityx2021,Humidityx2022,Temperaturex2009,Temperaturex2010,Temperaturex2011,Temperaturex2012,Temperaturex2020,Temperaturex2021,Temperaturex2022,WindDirectionx2007,WindDirectionx2008,WindDirectionx2009,WindDirectionx2010,WindDirectionx2011,WindSpeedx2007,WindSpeedx2008,WindSpeedx2009,WindSpeedx2010,WindSpeedx2011,Radiationx2012,O3x2017,Toluenex2018,Xylenesx2018,Benzenex2020,O3x2020,SO2x2020,PM25x2017,Particlesx2017,Humidityx2025,O3x2016,O3x2018,O3x2021,O3x2022,PM10x2020,PM10x2022,PM10x2025,PM25x2019,PM25x2020,PM25x2022,Particlesx2019,Particlesx2020,Particlesx2022,Precipitationx2025,Radiationx2025,SO2x2016,SO2x2019,SO2x2021,SO2x2022,Temperaturex2025,WindDirectionx2025,WindSpeedx2025,PM10x2021,PM25x2021,Particlesx2021,COx2010,COx2011,NOx2010,NOx2011,NO2x2010,NO2x2011,NOxx2010,NOxx2011,PM10x2010,PM10x2011,PM25x2010,PM25x2011,PM25x2012,PM25x2013,Particlesx2010,Particlesx2011,Particlesx2012,Particlesx2013,Precipitationx2010,Precipitationx2011,Radiationx2010,SO2x2011,SO2x2012,SO2x2013,SO2x2014,COx2009,NOx2009,NO2x2009,NOxx2009,O3x2009,PM10x2009,PM25x2009,Particlesx2009,Precipitationx2009,Radiationx2009,SO2x2009,Benzenex2007,COx2007,NOx2007,NO2x2007,NOxx2007,O3x2013,PM10x2007,Precipitationx2007,Radiationx2007,Toluenex2019,Xylenesx2019,Benzenex2008,COx2008,NOx2008,NO2x2008,NOxx2008,PM10x2008,Precipitationx2008,Radiationx2008,Temperaturex2008,Toluenex2008,Xylenesx2008,Benzenex2009,O3x2008,O3x2010,SO2x2008,SO2x2010,Toluenex2009,Xylenesx2009,O3x2011
a1.este.rmeao.2018,12.602739726027398,13.698630136986301,13.698630136986301,13.698630136986301,13.698630136986301,13.150684931506849,14.246575342465754,14.246575342465754,14.246575342465754,14.246575342465754,,,,,,,,,,,,,,,,,,,,,,,,,,,,,,,,,,,,,,,,,,,,,,,,,,,,,,,,,,,,,,,,,,,,,,,,,,,,,,,,,,,,,,,,,,,,,,,,,,,,,,,,,,,,,,,,,,,,,,,,,,,,,,,,,,,,,,,,,,,,,,,,,,,,,,,,,,,,,,,,,,,,,,,,,,,,,,,,,,,,,,,,,,,,,,,,,,,,,,,,,,,,,,,,,,,,,,,,,,,,,,,,,,,,,,,,,,,,,,,,,,,,,,,,,,,,,,,,,,,,,,,,,,,,,,,,,,,,,,,
a1.este.rmeão.2018,12.602739726027398,13.698630136986301,13.698630136986301,13.698630136986301,13.698630136986301,13.150684931506849,14.246575342465754,14.246575342465754,14.246575342465754,14.246575342465754,,,,,,,,,,,,,,,,,,,,,,,,,,,,,,,,,,,,,,,,,,,,,,,,,,,,,,,,,,,,,,,,,,,,,,,,,,,,,,,,,,,,,,,,,,,,,,,,,,,,,,,,,,,,,,,,,,,,,,,,,,,,,,,,,,,,,,,,,,,,,,,,,,,,,,,,,,,,,,,,,,,,,,,,,,,,,,,,,,,,,,,,,,,,,,,,,,,,,,,,,,,,,,,,,,,,,,,,,,,,,,,,,,,,,,,,,,,,,,,,,,,,,,,,,,,,,,,,,,,,,,,,,,,,,,,,,,,,,,,
a1.oeste.rmeao.2018,16.164383561643834,16.438356164383563,16.438356164383563,16.438356164383563,16.438356164383563,16.438356164383563,16.438356164383563,16.438356164383563,16.438356164383563,16.438356164383563,,,,,,,,,,,,,,,,,,,,,,,,,,,,,,,,,,,,,,,,,,,,,,,,,,,,,,,,,,,,,,,,,,,,,,,,,,,,,,,,,,,,,,,,,,,,,,,,,,,,,,,,,,,,,,,,,,,,,,,,,,,,,,,,,,,,,,,,,,,,,,,,,,,,,,,,,,,,,,,,,,,,,,,,,,,,,,,,,,,,,,,,,,,,,,,,,,,,,,,,,,,,,,,,,,,,,,,,,,,,,,,,,,,,,,,,,,,,,,,,,,,,,,,,,,,,,,,,,,,,,,,,,,,,,,,,,,,,,,,
a1.oeste.rmeão.2018,16.164383561643834,16.438356164383563,16.438356164383563,16.438356164383563,16.438356164383563,16.438356164383563,16.438356164383563,16.438356164383563,16.438356164383563,16.438356164383563,,,,,,,,,,,,,,,,,,,,,,,,,,,,,,,,,,,,,,,,,,,,,,,,,,,,,,,,,,,,,,,,,,,,,,,,,,,,,,,,,,,,,,,,,,,,,,,,,,,,,,,,,,,,,,,,,,,,,,,,,,,,,,,,,,,,,,,,,,,,,,,,,,,,,,,,,,,,,,,,,,,,,,,,,,,,,,,,,,,,,,,,,,,,,,,,,,,,,,,,,,,,,,,,,,,,,,,,,,,,,,,,,,,,,,,,,,,,,,,,,,,,,,,,,,,,,,,,,,,,,,,,,,,,,,,,,,,,,,,
a1.povoa.santarem.2015,,,,,,,,,,,18.08219178082192,18.08219178082192,18.08219178082192,18.08219178082192,17.26027397260274,17.26027397260274,17.26027397260274,18.08219178082192,18.08219178082192,18.08219178082192,,,,,,,,,,,,,,,,,,,,,,,,,,,,,,,,,,,,,,,,,,,,,,,,,,,,,,,,,,,,,,,,,,,,,,,,,,,,,,,,,,,,,,,,,,,,,,,,,,,,,,,,,,,,,,,,,,,,,,,,,,,,,,,,,,,,,,,,,,,,,,,,,,,,,,,,,,,,,,,,,,,,,,,,,,,,,,,,,,,,,,,,,,,,,,,,,,,,,,,,,,,,,,,,,,,,,,,,,,,,,,,,,,,,,,,,,,,,,,,,,,,,,,,,,,,,,,,,,,,,,,,,,,,,,
a1.v.andorinho.2018,,17.80821917808219,18.63013698630137,18.63013698630137,18.63013698630137,18.63013698630137,18.356164383561644,18.356164383561644,18.356164383561644,18.356164383561644,,,,,,,,,,,,,,,,,,,,,,,,,,,,,,,,,,,,,,,,,,,,,,,,,,,,,,,,,,,,,,,,,,,,,,,,,,,,,,,,,,,,,,,,,,,,,,,,,,,,,,,,,,,,,,,,,,,,,,,,,,,,,,,,,,,,,,,,,,,,,,,,,,,,,,,,,,,,,,,,,,,,,,,,,,,,,,,,,,,,,,,,,,,,,,,,,,,,,,,,,,,,,,,,,,,,,,,,,,,,,,,,,,,,,,,,,,,,,,,,,,,,,,,,,,,,,,,,,,,,,,,,,,,,,,,,,,,,,,,
a1.varzea.2015,,,,,,,,,,,17.534246575342465,17.534246575342465,17.534246575342465,17.534246575342465,17.534246575342465,17.534246575342465,17.534246575342465,17.534246575342465,17.534246575342465,17.534246575342465,,,,,,,,,,,,,,,,,,,,,,,,,,,,,,,,,,,,,,,,,,,,,,,,,,,,,,,,,,,,,,,,,,,,,,,,,,,,,,,,,,,,,,,,,,,,,,,,,,,,,,,,,,,,,,,,,,,,,,,,,,,,,,,,,,,,,,,,,,,,,,,,,,,,,,,,,,,,,,,,,,,,,,,,,,,,,,,,,,,,,,,,,,,,,,,,,,,,,,,,,,,,,,,,,,,,,,,,,,,,,,,,,,,,,,,,,,,,,,,,,,,,,,,,,,,,,,,,,,,,,,,,,,,,,
a10.benavente.2014,,,,,,,,,,,,,,,,,,,,,17.534246575342465,17.534246575342465,17.534246575342465,17.534246575342465,17.534246575342465,17.534246575342465,17.534246575342465,17.534246575342465,17.534246575342465,17.534246575342465,17.534246575342465,17.534246575342465,,,,,,,,,,,,,,,,,,,,,,,,,,,,,,,,,,,,,,,,,,,,,,,,,,,,,,,,,,,,,,,,,,,,,,,,,,,,,,,,,,,,,,,,,,,,,,,,,,,,,,,,,,,,,,,,,,,,,,,,,,,,,,,,,,,,,,,,,,,,,,,,,,,,,,,,,,,,,,,,,,,,,,,,,,,,,,,,,,,,,,,,,,,,,,,,,,,,,,,,,,,,,,,,,,,,,,,,,,,,,,,,,,,,,,,,,,,,,,,,,,,,,,,,,,,,,,,,,
a10.benavente.pk33+000.2019,,,,,,,,,,,,,,,,,,,,,,,,,,,,,,,,,18.356164383561644,19.726027397260275,19.726027397260275,19.726027397260275,19.726027397260275,19.45205479452055,19.726027397260275,10.684931506849315,19.726027397260275,19.726027397260275,,,,,,,,,,,,,,,,,,,,,,,,,,,,,,,,,,,,,,,,,,,,,,,,,,,,,,,,,,,,,,,,,,,,,,,,,,,,,,,,,,,,,,,,,,,,,,,,,,,,,,,,,,,,,,,,,,,,,,,,,,,,,,,,,,,,,,,,,,,,,,,,,,,,,,,,,,,,,,,,,,,,,,,,,,,,,,,,,,,,,,,,,,,,,,,,,,,,,,,,,,,,,,,,,,,,,,,,,,,,,,,,,,,,,,,,,,,,,,,,,,,,,,,
a11.braga.2019,,,,,,,,,,,,,,,,,,,,,,,,,,,,,,,,,,,,,,,,,,,11.475409836065573,11.475409836065573,11.475409836065573,11.475409836065573,11.475409836065573,11.475409836065573,11.475409836065573,11.475409836065573,,,,,,,,,,,,,,,,,,,,,,,,,,,,,,,,,,,,,,,,,,,,,,,,,,,,,,,,,,,,,,,,,,,,,,,,,,,,,,,,,,,,,,,,,,,,,,,,,,,,,,,,,,,,,,,,,,,,,,,,,,,,,,,,,,,,,,,,,,,,,,,,,,,,,,,,,,,,,,,,,,,,,,,,,,,,,,,,,,,,,,,,,,,,,,,,,,,,,,,,,,,,,,,,,,,,,,,,,,,,,,,,,,,,,,,,,,,,,,,
a11.silvares.2014,,,,,,,,,,,,,,,,,,,,,,17.534246575342465,17.534246575342465,17.534246575342465,17.534246575342465,17.534246575342465,15.89041095890411,,,17.26027397260274,17.26027397260274,,,,,,,,,,,,,,,,,,,,17.534246575342465,17.534246575342465,,,,,,,,,,,,,,,,,,,,,,,,,,,,,,,,,,,,,,,,,,,,,,,,,,,,,,,,,,,,,,,,,,,,,,,,,,,,,,,,,,,,,,,,,,,,,,,,,,,,,,,,,,,,,,,,,,,,,,,,,,,,,,,,,,,,,,,,,,,,,,,,,,,,,,,,,,,,,,,,,,,,,,,,,,,,,,,,,,,,,,,,,,,,,,,,,,,,,,,,,,,,,,,,,,,,,,,,,,,,,,,,,,,,,,,,,,,,,
a13. monforte.2020,,,,,,,,,,,,,,,,,,,,,,,,,,,,,,,,,,,,,,,,,,,,,,,,,,,,,13.698630136986301,13.698630136986301,13.698630136986301,13.698630136986301,13.698630136986301,13.698630136986301,13.698630136986301,13.698630136986301,,,,,,,,,,,,,,,,,,,,,,,,,,,,,,,,,,,,,,,,,,,,,,,,,,,,,,,,,,,,,,,,,,,,,,,,,,,,,,,,,,,,,,,,,,,,,,,,,,,,,,,,,,,,,,,,,,,,,,,,,,,,,,,,,,,,,,,,,,,,,,,,,,,,,,,,,,,,,,,,,,,,,,,,,,,,,,,,,,,,,,,,,,,,,,,,,,,,,,,,,,,,,,,,,,,,,,,,,,,,,,,,,,,,,
a13.abelheira.2020,,,,,,,,,,,,,,,,,,,,,,,,,,,,,,,,,,,,,,,,,,,,,,,,,,,,,12.602739726027398,12.602739726027398,12.602739726027398,12.602739726027398,12.602739726027398,12.602739726027398,12.602739726027398,12.602739726027398,,,,,,,,,,,,,,,,,,,,,,,,,,,,,,,,,,,,,,,,,,,,,,,,,,,,,,,,,,,,,,,,,,,,,,,,,,,,,,,,,,,,,,,,,,,,,,,,,,,,,,,,,,,,,,,,,,,,,,,,,,,,,,,,,,,,,,,,,,,,,,,,,,,,,,,,,,,,,,,,,,,,,,,,,,,,,,,,,,,,,,,,,,,,,,,,,,,,,,,,,,,,,,,,,,,,,,,,,,,,,,,,,,,,,
a13.asseiceira.2020,,,,,,,,,,,,,,,,,,,,,,,,,,,,,,,,,,,,,,,,,,,,,,,,,,,,,10.41095890410959,10.41095890410959,10.41095890410959,10.41095890410959,10.41095890410959,10.41095890410959,10.41095890410959,10.41095890410959,,,,,,,,,,,,,,,,,,,,,,,,,,,,,,,,,,,,,,,,,,,,,,,,,,,,,,,,,,,,,,,,,,,,,,,,,,,,,,,,,,,,,,,,,,,,,,,,,,,,,,,,,,,,,,,,,,,,,,,,,,,,,,,,,,,,,,,,,,,,,,,,,,,,,,,,,,,,,,,,,,,,,,,,,,,,,,,,,,,,,,,,,,,,,,,,,,,,,,,,,,,,,,,,,,,,,,,,,,,,,,,,,,,,,
a13_pk52+500,,,,,,,,,,,,,,,,,,,,,,,,,,,,,,,,,,,,,,,,,,,,,,,,,,,,,,,,,,,,,13.387978142076502,13.387978142076502,13.387978142076502,13.387978142076502,15.027322404371585,15.573770491803279,15.573770491803279,15.573770491803279,,,,,,,,,,,,,,,,,,,,,,,,,,,,,,,,,,,,,,,,,,,,,,,,,,,,,,,,,,,,,,,,,,,,,,,,,,,,,,,,,,,,,,,,,,,,,,,,,,,,,,,,,,,,,,,,,,,,,,,,,,,,,,,,,,,,,,,,,,,,,,,,,,,,,,,,,,,,,,,,,,,,,,,,,,,,,,,,,,,,,,,,,,,,,,,,,,,,,,,,,,,,,,,,,,,,,,,,,,,,,
a13_pk62+300,,,,,,,,,,,,,,,,,,,,,,,,,,,,,,,,,,,,,,,,,,,,,,,,,,,,,,,,,,,,,12.841530054644808,13.934426229508198,13.934426229508198,13.934426229508198,13.934426229508198,13.934426229508198,13.934426229508198,13.934426229508198,,,,,,,,,,,,,,,,,,,,,,,,,,,,,,,,,,,,,,,,,,,,,,,,,,,,,,,,,,,,,,,,,,,,,,,,,,,,,,,,,,,,,,,,,,,,,,,,,,,,,,,,,,,,,,,,,,,,,,,,,,,,,,,,,,,,,,,,,,,,,,,,,,,,,,,,,,,,,,,,,,,,,,,,,,,,,,,,,,,,,,,,,,,,,,,,,,,,,,,,,,,,,,,,,,,,,,,,,,,,,
a16.alcabideche.2019,,,,,,,,,,,,,,,,,,,,,,,,,,,,,,,,,,,,,,,,,,,14.207650273224044,14.207650273224044,14.207650273224044,14.207650273224044,10.92896174863388,,14.207650273224044,14.207650273224044,,,,,,,,,,,,,,,,,,,,,,,,,,,,,,,,,,,,,,,,,,,,,,,,,,,,,,,,,,,,,,,,,,,,,,,,,,,,,,,,,,,,,,,,,,,,,,,,,,,,,,,,,,,,,,,,,,,,,,,,,,,,,,,,,,,,,,,,,,,,,,,,,,,,,,,,,,,,,,,,,,,,,,,,,,,,,,,,,,,,,,,,,,,,,,,,,,,,,,,,,,,,,,,,,,,,,,,,,,,,,,,,,,,,,,,,,,,,,,,
a1_povoa de santarem_pk69+200.2020,,,,,,,,,,,,,,,,,,,,,,,,,,,,,,,,,,,,,,,,,,,21.311475409836067,21.311475409836067,21.311475409836067,21.311475409836067,20.76502732240437,20.76502732240437,21.311475409836067,21.311475409836067,,,,,,,,,,,,,,,,,,,,,,,,,,,,,,,,,,,,,,,,,,,,,,,,,,,,,,,,,,,,,,,,,,,,,,,,,,,,,,,,,,,,,,,,,,,,,,,,,,,,,,,,,,,,,,,,,,,,,,,,,,,,,,,,,,,,,,,,,,,,,,,,,,,,,,,,,,,,,,,,,,,,,,,,,,,,,,,,,,,,,,,,,,,,,,,,,,,,,,,,,,,,,,,,,,,,,,,,,,,,,,,,,,,,,,,,,,,,,,,
a1_póvoa de santarem_pk69+200.2020,,,,,,,,,,,,,,,,,,,,,,,,,,,,,,,,,,,,,,,,,,,21.311475409836067,21.311475409836067,21.311475409836067,21.311475409836067,20.76502732240437,20.76502732240437,21.311475409836067,21.311475409836067,,,,,,,,,,,,,,,,,,,,,,,,,,,,,,,,,,,,,,,,,,,,,,,,,,,,,,,,,,,,,,,,,,,,,,,,,,,,,,,,,,,,,,,,,,,,,,,,,,,,,,,,,,,,,,,,,,,,,,,,,,,,,,,,,,,,,,,,,,,,,,,,,,,,,,,,,,,,,,,,,,,,,,,,,,,,,,,,,,,,,,,,,,,,,,,,,,,,,,,,,,,,,,,,,,,,,,,,,,,,,,,,,,,,,,,,,,,,,,,
a1_varzea_pk65+450.2020,,,,,,,,,,,,,,,,,,,,,,,,,,,,,,,,,,,,,,,,,,,19.398907103825138,18.852459016393443,18.852459016393443,18.852459016393443,16.939890710382514,16.939890710382514,21.038251366120218,21.038251366120218,,,,,,,,,,,,,,,,,,,,,,,,,,,,,,,,,,,,,,,,,,,,,,,,,,,,,,,,,,,,,,,,,,,,,,,,,,,,,,,,,,,,,,,,,,,,,,,,,,,,,,,,,,,,,,,,,,,,,,,,,,,,,,,,,,,,,,,,,,,,,,,,,,,,,,,,,,,,,,,,,,,,,,,,,,,,,,,,,,,,,,,,,,,,,,,,,,,,,,,,,,,,,,,,,,,,,,,,,,,,,,,,,,,,,,,,,,,,,,,
a24.fortunho.2017,,,,,,,,,,,,,,,,,,,,,,,,,,,,,,,,,,,,,,,,,,,,,,,,,,,,,,,,,,,,,,,,,,,,,17.26027397260274,17.534246575342465,17.534246575342465,17.534246575342465,17.534246575342465,17.534246575342465,17.534246575342465,17.534246575342465,17.534246575342465,17.534246575342465,,,,,,,,,,,,,,,,,,,,,,,,,,,,,,,,,,,,,,,,,,,,,,,,,,,,,,,,,,,,,,,,,,,,,,,,,,,,,,,,,,,,,,,,,,,,,,,,,,,,,,,,,,,,,,,,,,,,,,,,,,,,,,,,,,,,,,,,,,,,,,,,,,,,,,,,,,,,,,,,,,,,,,,,,,,,,,,,,,,,,,,,,,,,,,,,,,,,,,,,,,,,,,,,,,,
a29.2014,,,,,,,,,,,,,,,,,,,,,,17.534246575342465,17.534246575342465,17.534246575342465,17.534246575342465,17.534246575342465,13.424657534246576,,,17.534246575342465,17.534246575342465,,,,,,,,,,,,,,,,,,,,17.534246575342465,17.534246575342465,,,,,,,,,,,,,,,,,,,,,,,,,,,17.534246575342465,,,,,,,,,,,,,,,,,,,,,,,,,,,,,,,,,,,,,,,,,,,,,,,,,,,,,,,,,,,,,,,,,,,,,,,,,,,,,,,,,,,,,,,,,,,,,,,,,,,,,,,,,,,,,,,,,,,,,,,,,,,,,,,,,,,,,,,,,,,,,,,,,,,,,,,,,,,,,,,,,,,,,,,,,,,,,,,,,,,,,,,,,,,,,,,,,,,,,,,,,,,,,,,,,,
a29.arcozelo.2018,,15.342465753424657,15.89041095890411,15.89041095890411,15.89041095890411,,15.89041095890411,,15.89041095890411,15.89041095890411,,,,,,,,,,,,,,,,,,,,,,,,,,,,,,,,,,,,,,,,,,,,,,,,,,,,,,,,,,,,,,,,,,,,,,,,,,,,,,,,,,,,,,,,,,,,,,,,,,,,,,,,,,,,,,,,,,,,,,,,,,,,,,,,,,,,,,,,,,,,,,,,,,,,,,,,,,,,,,,,,,,,,,,,,,,,,,,,,,,,,,,,,,,,,,,,,,,,,,,,,,,,,,,,,,,,,,,,,,,,,,,,,,,,,,,,,,,,,,,,,,,,,,,,,,,,,,,,,,,,,,,,,,,,,,,,,,,,,,,
a29.arcozelo.2020,,,,,,,,,,,,,,,,,,,,,,,,,,,,,,,,,,,,,,,,,,,,,,,,,,,,,12.054794520547945,12.054794520547945,12.054794520547945,12.054794520547945,12.054794520547945,12.054794520547945,12.054794520547945,12.054794520547945,,,,,,,,,,,,,,,,,,,,,,,,,,,,,,,,,,,,,,,,,,,,,,,,,,,,,,,,,,,,,,,,,,,,,,,,,,,,,,,,,,,,,,,,,,,,,,,,,,,,,,,,,,,,,,,,,,,,,,,,,,,,,,,,,,,,,,,,,,,,,,,,,,,,,,,,,,,,,,,,,,,,,,,,,,,,,,,,,,,,,,,,,,,,,,,,,,,,,,,,,,,,,,,,,,,,,,,,,,,,,,,,,,,,,
a29.canelas.2019,,,,,,,,,,,,,,,,,,,,,,,,,,,,,,,,,,,,,,,,,,,,,,,10.92896174863388,10.92896174863388,10.92896174863388,10.92896174863388,,,,,,,,,,,,,,,,,,,,,,,,,,,,,,,,,,,,,,,,,,,,,,,,,,,,,,,,,,,,,,,,,,,,,,,,,,,,,,,,,,,,,,,,,,,,,,,,,,,,,,,,,,,,,,,,,,,,,,,,,,,,,,,,,,,,,,,,,,,,,,,,,,,,,,,,,,,,,,,,,,,,,,,,,,,,,,,,,,,,,,,,,,,,,,,,,,,,,,,,,,,,,,,,,,,,,,,,,,,,,,,,,,,,,,,,,,,,,,,
a29.v.paraiso.2016,,,,,,,,,,,,,,,,,,,,,,,,,,,,,,,,,,,,,,,,,,,,,,,,,,,,,,,,,,,,,,,,,,,,,,,,,,,,,,,,13.114754098360656,14.754098360655737,12.021857923497267,12.021857923497267,12.021857923497267,13.66120218579235,15.300546448087431,15.300546448087431,16.939890710382514,16.939890710382514,16.939890710382514,16.939890710382514,,,,,,,,,,,,,,,,,,,,,,,,,,,,,,,,,,,,,,,,,,,,,,,,,,,,,,,,,,,,,,,,,,,,,,,,,,,,,,,,,,,,,,,,,,,,,,,,,,,,,,,,,,,,,,,,,,,,,,,,,,,,,,,,,,,,,,,,,,,,,,,,,,,,,,,,,,,,,,,,,,,,,,,,,,,,,,,,,,,,,,,,,,,,,,,,,,,,,,
a2_gomes.aires_portagem.2019,,,,,,,,,,,,,,,,,,,,,,,,,,,,,,,,,19.17808219178082,19.17808219178082,19.17808219178082,19.17808219178082,19.17808219178082,19.17808219178082,19.17808219178082,,19.17808219178082,19.17808219178082,,,,,,,,,,,,,,,,,,,,,,,,,,,,,,,,,,,,,,,,,,,,,,,,,,18.63013698630137,,,,,,,,,,,,,,,,,,,,,,,,,,,,,,,,,,,,,,,,,,,,,,,,,,,,,,,,,,,,,,,,,,,,,,,,,,,,,,,,,,,,,,,,,,,,,,,,,,,,,,,,,,,,,,,,,,,,,,,,,,,,,,,,,,,,,,,,,,,,,,,,,,,,,,,,,,,,,,,,,,,,,,,,,,,,,,,,,,,,,,,,,,,,,,,,,,,,,
a2_paderne,,,,,,,,,,,,,,,,,,,,,,,,,,,,,,,,,,,,,,,,,,,,,,,,,,,,,,,,,,,,,,,,,,,,,18.63013698630137,18.63013698630137,18.63013698630137,18.63013698630137,18.63013698630137,17.80821917808219,18.356164383561644,,18.356164383561644,18.356164383561644,,,,,,,,,,,,,,,20.273972602739725,20.273972602739725,20.273972602739725,20.273972602739725,20.273972602739725,20.273972602739725,20.273972602739725,20.273972602739725,20.273972602739725,,,,,,,,,,,,,,,,,,,,,,,,,,,,,,,,,,,,,,,,,,,,,,,,,,,,,,,,,,,,,,,,,,,,,,,,,,,,,,,,,,,,,,,,,,,,,,,,,,,,,,,,,,,,,,,,,,,,,,,,,,,,,,,,,,,,,,,,,,,,,,,,,,,,,,,,,,,,,,,,,,,,,,,,,,,,,,,,,,,,,,,,,,,,
a2_palmela_pk32+700,,,,,,,,,,,,,,,,,,,,,,,,,,,,,,,,,,,,,,,,,,,18.306010928961747,18.306010928961747,18.306010928961747,18.306010928961747,18.306010928961747,15.846994535519126,18.306010928961747,18.306010928961747,,,,,,,,,,,,,,,,,,,,,,,,,,,,,,,,,,,,,,,,,,,,,,,,,,,,,,,,,,,,,,,,,,,,,,,,,,,,,,,,,,,,,,,,,,,,,,,,,,,,,,,,,,,,,,,,,,,,,,,,,,,,,,,,,,,,,,,,,,,,,,,,,,,,,,,,,,,,,,,,,,,,,,,,,,,,,,,,,,,,,,,,,,,,,,,,,,,,,,,,,,,,,,,,,,,,,,,,,,,,,,,,,,,,,,,,,,,,,,,
a2_pinhal de frades_pk16+500,,,,,,,,,,,,,,,,,,,,,,,,,,,,,,,,,,,,,,,,,,,17.759562841530055,17.21311475409836,17.21311475409836,17.21311475409836,17.759562841530055,12.841530054644808,17.759562841530055,17.759562841530055,,,,,,,,,,,,,,,,,,,,,,,,,,,,,,,,,,,,,,,,,,,,,,,,,,,,,,,,,,,,,,,,,,,,,,,,,,,,,,,,,,,,,,,,,,,,,,,,,,,,,,,,,,,,,,,,,,,,,,,,,,,,,,,,,,,,,,,,,,,,,,,,,,,,,,,,,,,,,,,,,,,,,,,,,,,,,,,,,,,,,,,,,,,,,,,,,,,,,,,,,,,,,,,,,,,,,,,,,,,,,,,,,,,,,,,,,,,,,,,
a3.aguas.santas.este.2013,,,,,,,,,,,,,,,,,,,,,,,,,,,,,,,,,,,,,,,,,,,,,,,,,,,,,,,,,,,,,17.759562841530055,17.759562841530055,17.759562841530055,17.759562841530055,16.939890710382514,19.12568306010929,19.12568306010929,19.12568306010929,,,,,,,,,,,,,,,,,,,,,,,,,,,,,,,,,,,,,,,,,,,,,,,,,,,,,,,,,,,,,,,,,,,,,,,,,,,,,,,,,,,,,,,,,,,,,,,,,,,,,,,,,,,,,,,,,,,,,,,,,,,,,,,,,,,,,,,,,,,,,,,,,,,,,,,,,,,,,,,,,,,,,,,,,,,,,,,,,,,,,,,,,,,,,,,,,,,,,,,,,,,,,,,,,,,,,,,,,,,,,
a3.trofa.2014,,,,,,,,,,,,,,,,,,,,,,17.534246575342465,,17.534246575342465,,17.534246575342465,17.534246575342465,17.534246575342465,,17.534246575342465,17.534246575342465,,,,,,,,,,,,,,,,,,,,,,,,,,,,,,,,,,,,,,,,,,,,,,,,,,,,,,,,,,,,,,,,,,,,,,,,,,,,,,,,,,,,,,,,,,,,,,,,,,,,,,,,,,,,,,,,,,,,,,,,,,,,,,,,,,,,,,,,,,,,,,,,,,,,,,,,,,,,,,,,,,,,,,,,,,,,,,,,,,,,,,,,,,,,,,,,,,,,,,,,,,,,,,,,,,,,,,,,,,,,,,,,,,,,,,,,,,,,,,,,,,,,,,,,,,,,,,,,,,
a3.trofa.2019,,,,,,,,,,,,,,,,,,,,,,,,,,,,,,,,,18.63013698630137,18.904109589041095,18.904109589041095,18.904109589041095,18.904109589041095,18.356164383561644,18.904109589041095,13.424657534246576,18.904109589041095,18.904109589041095,,,,,,,,,,,,,,,,,,,,,,,,,,,,,,,,,,,,,,,,,,,,,,,,,,,,,,,,,,,,18.904109589041095,,,,,,,,,,,,,,,,,,,,,,,,,,,,,,,,,,,,,,,,,,,,,,,,,,,,,,,,,,,,,,,,,,,,,,,,,,,,,,,,,,,,,,,,,,,,,,,,,,,,,,,,,,,,,,,,,,,,,,,,,,,,,,,,,,,,,,,,,,,,,,,,,,,,,,,,,,,,,,,,,,,,,,,,,,,,,,,,,,,,,,,,,,,
a32.canedo.2017,,,,,,,,,,,,,,,,,,,,,,,,,,,,,,,,,,,,,,,,,,,,,,,,,,,,,,,,,,,,,,,,,,,,,18.63013698630137,18.63013698630137,18.63013698630137,18.63013698630137,18.63013698630137,18.63013698630137,18.63013698630137,,18.63013698630137,18.63013698630137,,,,,,,,,,,,,,,,,,,,,,,,,,,,,,,,,,,,,,,,,,,,,,,,,,,,,,,,,,,,,,,,,,,,,,,,,,,,,,,,,,,,,,,,,,,,,,,,,,,,,,,,,,,,,,,,,,,,,,,,,,,,,,,,,,,,,,,,,,,,,,,,,,,,,,,,,,,,,,,,,,,,,,,,,,,,,,,,,,,,,,,,,,,,,,,,,,,,,,,,,,,,,,,,,,,
a32.fagilde.2012,,,,,,,,,,,,,,,,,,,,,,,,,,,,,,,,,,,,,,,,,,,,,,,,,,,,,,,,,,,,,,,,,,,,,,,,,,,,,,,,,,,,,,,,,,,,,,,,,,,,,,,17.534246575342465,17.534246575342465,17.534246575342465,17.534246575342465,17.26027397260274,16.986301369863014,19.45205479452055,19.45205479452055,,,,,,,,,,,,,,,,,,,,,,,,,,,,,,,,,,,,,,,,,,,,,,,,,,,,,,,,,,,,,,,,,,,,,,,,,,,,,,,,,,,,,,,,,,,,,,,,,,,,,,,,,,,,,,,,,,,,,,,,,,,,,,,,,,,,,,,,,,,,,,,,,,,,,,,,,,,,,,,,,,,,,,,,,,,,,,,,,,,
a32.seixo.alvo.2015,,,,,,,,,,,18.08219178082192,18.08219178082192,18.08219178082192,18.08219178082192,18.08219178082192,,,18.08219178082192,18.08219178082192,18.08219178082192,,,,,,,,,,,,,,,,,,,,,,,,,,,,,,,,,,,,,,,,,,,,,,,,,,,,,,,,,,,,,,,,,,,,,,,,,,,,,,,,,,,,,,,,,,,13.698630136986301,13.698630136986301,,,,,,,,,,,,,,,,,,,,,,,,,,,,,,,,,,,,,,,,,,,,,,,,,,,,,,,,,,,,,,,,,,,,,,,,,,,,,,,,,,,,,,,,,,,,,,,,,,,,,,,,,,,,,,,,,,,,,,,,,,,,,,,,,,,,,,,,,,,,,,,,,,,,,,,,,,,,,,,,,,,,,,,,,,,,,,,,,
a32.seixo.alvo.2017,,,,,,,,,,,,,,,,,,,,,,,,,,,,,,,,,,,,,,,,,,,,,,,,,,,,,,,,,,,,,,,,,,,,,11.780821917808218,13.698630136986301,13.698630136986301,13.698630136986301,13.698630136986301,13.150684931506849,13.424657534246576,,13.424657534246576,13.424657534246576,,,,,,,,,,,,,,,,,,,,,,,,,,,,,,,,,,,,,,,,,,,,,,,,,,,,,,,,,,,,,,,,,,,,,,,,,,,,,,,,,,,,,,,,,,,,,,,,,,,,,,,,,,,,,,,,,,,,,,,,,,,,,,,,,,,,,,,,,,,,,,,,,,,,,,,,,,,,,,,,,,,,,,,,,,,,,,,,,,,,,,,,,,,,,,,,,,,,,,,,,,,,,,,,,,,
a4.guifoes.2016,,,,,,,,,,,,,,,,,,,,,,,,,,,,,,,,,,,,,,,,,,,,,,,,,,,,,,,,,,,,,,,,,,,,,,,,,,,,,,,,13.66120218579235,15.300546448087431,13.66120218579235,13.66120218579235,13.66120218579235,15.300546448087431,,15.573770491803279,15.846994535519126,,16.120218579234972,16.120218579234972,,,,,,,,,,,,,,,,,,,,,,,,,,,,,,,,,,,,,,,,,,,,,,,,,,,,,,,,,,,,,,,,,,,,,,,,,,,,,,,,,,,,,,,,,,,,,,,,,,,,,,,,,,,,,,,,,,,,,,,,,,,,,,,,,,,,,,,,,,,,,,,,,,,,,,,,,,,,,,,,,,,,,,,,,,,,,,,,,,,,,,,,,,,,,,,,,,,,,,
a4.guifoes.2018,,15.342465753424657,15.342465753424657,15.342465753424657,15.342465753424657,15.342465753424657,15.342465753424657,,15.342465753424657,15.342465753424657,,,,,,,,,,,,,,,,,,,,,,,,,,,,,,,,,,,,,,,,,,,,,,,,,,,,,,,,,,,,,,,,,,,,,,,,,,,,,,,,,,,,,,,,,,,,,,,,,,,,,,,15.342465753424657,15.342465753424657,,,,,,,,,,,,,,,,,,,,,,,,,,,,,,,,,,,,,,,,,,,,,,,,,,,,,,,,,,,,,,,,,,,,,,,,,,,,,,,,,,,,,,,,,,,,,,,,,,,,,,,,,,,,,,,,,,,,,,,,,,,,,,,,,,,,,,,,,,,,,,,,,,,,,,,,,,,,,,,,,,,,,,,,,,,,,,,
a4.guifoes.2020,,,,,,,,,,,,,,,,,,,,,,,,,,,,,,,,,,,,,,,,,,,,,,,,,,,,,13.150684931506849,13.150684931506849,13.150684931506849,13.150684931506849,13.150684931506849,13.150684931506849,13.150684931506849,13.150684931506849,,,,,,,,,,,,,,,,,,,,,,,,,,,,,,,,,,,,,,,,,,,,,,,,,,,,,,,,,,,,,,,,,,,,,,,,,,,,,,,,,,,,,,,,,,,,,,,,,,,,,,,,,,,,,,,,,,,,,,,,,,,,,,,,,,,,,,,,,,,,,,,,,,,,,,,,,,,,,,,,,,,,,,,,,,,,,,,,,,,,,,,,,,,,,,,,,,,,,,,,,,,,,,,,,,,,,,,,,,,,,,,,,,,,,
a4.guifões.2016,,,,,,,,,,,,,,,,,,,,,,,,,,,,,,,,,,,,,,,,,,,,,,,,,,,,,,,,,,,,,,,,,,,,,,,,,,,,,,,,13.66120218579235,15.300546448087431,13.66120218579235,13.66120218579235,13.66120218579235,15.300546448087431,15.573770491803279,15.573770491803279,15.846994535519126,,16.120218579234972,16.120218579234972,,,,,,,,,,,,,,,,,,,,,,,,,,,,,,,,,,,,,,,,,,,,,,,,,,,,,,,,,,,,,,,,,,,,,,,,,,,,,,,,,,,,,,,,,,,,,,,,,,,,,,,,,,,,,,,,,,,,,,,,,,,,,,,,,,,,,,,,,,,,,,,,,,,,,,,,,,,,,,,,,,,,,,,,,,,,,,,,,,,,,,,,,,,,,,,,,,,,,,
a4.guifões.2018,,15.342465753424657,15.342465753424657,15.342465753424657,15.342465753424657,15.342465753424657,15.342465753424657,,15.342465753424657,15.342465753424657,,,,,,,,,,,,,,,,,,,,,,,,,,,,,,,,,,,,,,,,,,,,,,,,,,,,,,,,,,,,,,,,,,,,,,,,,,,,,,,,,,,,,,,,,,,,,,,,,,,,,,,15.342465753424657,15.342465753424657,15.342465753424657,,,,,,,,,,,,,,,,,,,,,,,,,,,,,,,,,,,,,,,,,,,,,,,,,,,,,,,,,,,,,,,,,,,,,,,,,,,,,,,,,,,,,,,,,,,,,,,,,,,,,,,,,,,,,,,,,,,,,,,,,,,,,,,,,,,,,,,,,,,,,,,,,,,,,,,,,,,,,,,,,,,,,,,,,,,,,,
a4.guifões.2020,,,,,,,,,,,,,,,,,,,,,,,,,,,,,,,,,,,,,,,,,,,,,,,,,,,,,13.150684931506849,13.150684931506849,13.150684931506849,13.150684931506849,13.150684931506849,13.150684931506849,13.150684931506849,13.150684931506849,,,,,,,,,,,,,,,,,,,,,,,,,,,,,,,,,,,,,,,,,,,,,,,,,,,,,,,,,,,,,,,,,,,,,,,,,,,,,,,,,,,,,,,,,,,,,,,,,,,,,,,,,,,,,,,,,,,,,,,,,,,,,,,,,,,,,,,,,,,,,,,,,,,,,,,,,,,,,,,,,,,,,,,,,,,,,,,,,,,,,,,,,,,,,,,,,,,,,,,,,,,,,,,,,,,,,,,,,,,,,,,,,,,,,
a4.padronelo.2012,,,,,,,,,,,,,,,,,,,,,,,,,,,,,,,,,,,,,,,,,,,,,,,,,,,,,,,,,,,,,17.21311475409836,17.21311475409836,17.21311475409836,17.21311475409836,17.21311475409836,17.21311475409836,17.21311475409836,17.21311475409836,,,,,,,,,,,,,,,,,,,,,,,,,,,,,,,,,,,,,,,,,,,,,,,,,,,,,,,,,,,,,,,,,,,,,,,,,,,,,,,,,,,,,,,,,,,,,,,,,,,,,,,,,,,,,,,,,,,,,,,,,,,,,,,,,,,,,,,,,,,,,,,,,,,,,,,,,,,,,,,,,,,,,,,,,,,,,,,,,,,,,,,,,,,,,,,,,,,,,,,,,,,,,,,,,,,,,,,,,,,,,
a42.sousela.2018,,18.63013698630137,17.80821917808219,17.80821917808219,17.80821917808219,,18.63013698630137,,18.63013698630137,18.63013698630137,,,,,,,,,,,,,,,,,,,,,,,,,,,,,,,,,,,,,,,,,,,,,,,,,,,,,,,,,,,,,,,,,,,,,,,,,,,,,,,,,,,,,,,,,,,,,,,,,,,,,,,,,,,,,,,,,,,,,,,,,,,,,,,,,,,,,,,,,,,,,,,,,,,,,,,,,,,,,,,,,,,,,,,,,,,,,,,,,,,,,,,,,,,,,,,,,,,,,,,,,,,,,,,,,,,,,,,,,,,,,,,,,,,,,,,,,,,,,,,,,,,,,,,,,,,,,,,,,,,,,,,,,,,,,,,,,,,,,,,
a44.2014,,,,,,,,,,,,,,,,,,,,,,17.534246575342465,17.534246575342465,17.534246575342465,17.534246575342465,17.534246575342465,12.602739726027398,,,17.534246575342465,17.534246575342465,,,,,,,,,,,,,,,,,,,,17.534246575342465,17.534246575342465,,,,,,,,,,,,,,,,,,,,,,,,,,,,,,,,,,,,,,,,,,,,,,,,,,,,,,,,,,,,,,,,,,,,,,,,,,,,,,,,,,,,,,,,,,,,,,,,,,,,,,,,,,,,,,,,,,,,,,,,,,,,,,,,,,,,,,,,,,,,,,,,,,,,,,,,,,,,,,,,,,,,,,,,,,,,,,,,,,,,,,,,,,,,,,,,,,,,,,,,,,,,,,,,,,,,,,,,,,,,,,,,,,,,,,,,,,,,,
a5_alcabideche,,,,,,,,,,,,,,,,,,,,,,,,,,,,,,,,,,,,,,,,,,,19.12568306010929,19.12568306010929,19.12568306010929,19.12568306010929,15.027322404371585,12.841530054644808,19.12568306010929,19.12568306010929,,,,,,,,,,,,,,,,,,,,,,,,,,,,,,,,,,,,,,,,,,,,,,,,,,,,,,,,,,,,,,,,,,,,,,,,,,,,,,,,,,,,,,,,,,,,,,,,,,,,,,,,,,,,,,,,,,,,,,,,,,,,,,,,,,,,,,,,,,,,,,,,,,,,,,,,,,,,,,,,,,,,,,,,,,,,,,,,,,,,,,,,,,,,,,,,,,,,,,,,,,,,,,,,,,,,,,,,,,,,,,,,,,,,,,,,,,,,,,,
a5_pk17+200_caparide,,,,,,,,,,,,,,,,,,,,,,,,,,,,,,,,,,,,,,,,,,,18.0327868852459,17.48633879781421,17.48633879781421,17.48633879781421,15.846994535519126,14.207650273224044,18.0327868852459,18.0327868852459,,,,,,,,,,,,,,,,,,,,,,,,,,,,,,,,,,,,,,,,,,,,,,,,,,,,,,,,,,,,,,,,,,,,,,,,,,,,,,,,,,,,,,,,,,,,,,,,,,,,,,,,,,,,,,,,,,,,,,,,,,,,,,,,,,,,,,,,,,,,,,,,,,,,,,,,,,,,,,,,,,,,,,,,,,,,,,,,,,,,,,,,,,,,,,,,,,,,,,,,,,,,,,,,,,,,,,,,,,,,,,,,,,,,,,,,,,,,,,,
a8.flamenga.2016,,,,,,,,,,,,,,,,,,,,,,,,,,,,,,,,,,,,,,,,,,,,,,,,,,,,,,,,,,,,,,,,,,,,,,,,,,,,,,,,17.21311475409836,17.759562841530055,17.759562841530055,17.759562841530055,17.759562841530055,17.759562841530055,17.759562841530055,17.759562841530055,17.759562841530055,,17.759562841530055,17.759562841530055,,,,,,,,,,,,,,,,,,,,,,,,,,,,,,,,,,,,,,,,,,,,,,,,,,,,,,,,,,,,,,,,,,,,,,,,,,,,,,,,,,,,,,,,,,,,,,,,,,,,,,,,,,,,,,,,,,,,,,,,,,,,,,,,,,,,,,,,,,,,,,,,,,,,,,,,,,,,,,,,,,,,,,,,,,,,,,,,,,,,,,,,,,,,,,,,,,,,,,
a8.frielas.2015,,,,,,,,,,,16.164383561643834,16.164383561643834,16.164383561643834,16.164383561643834,13.972602739726028,13.972602739726028,13.972602739726028,16.164383561643834,16.164383561643834,16.164383561643834,,,,,,,,,,,,,,,,,,,,,,,,,,,,,,,,,,,,,,,,,,,,,,,,,,,,,,,,,,,,,,,,,,,,,,,,,,,,,,,,,,,,,,,,,,,,,,,,,,,,,,,,,,,,,,,,,,,,,,,,,,,,,,,,,,,,,,,,,,,,,,,,,,,,,,,,,,,,,,,,,,,,,,,,,,,,,,,,,,,,,,,,,,,,,,,,,,,,,,,,,,,,,,,,,,,,,,,,,,,,,,,,,,,,,,,,,,,,,,,,,,,,,,,,,,,,,,,,,,,,,,,,,,,,,
a8.frielas.2021,,,,,,,,,,,,,,,,,,,,,,,,,,,,,,,,,,,,,,,,,,,,,,,,,,,,,20.273972602739725,20.273972602739725,20.273972602739725,20.273972602739725,20.273972602739725,20.273972602739725,20.273972602739725,20.273972602739725,,,,,,,,,,,,,,,,,,,,,,,,,,,,,,,,,,,,,,,,,,,,,,,,,,,,,,,,20.0,,,,,,,,,,,,,,,,,,,,,,,,,,,,,,,,,,,,,,,,,,,,,,,,,,,,,,,,,,,,,,,,,,,,,,,,,,,,,,,,,,,,,,,,,,,,,,,,,,,,,,,,,,,,,,,,,,,,,,,,,,,,,,,,,,,,,,,,,,,,,,,,,,,,,,,,,,,,,,,,,,,,,,,,,,,,,
a8.loures.2015,,,,,,,,,,,17.534246575342465,17.534246575342465,17.534246575342465,17.534246575342465,15.342465753424657,15.342465753424657,15.342465753424657,17.80821917808219,17.534246575342465,17.80821917808219,,,,,,,,,,,,,,,,,,,,,,,,,,,,,,,,,,,,,,,,,,,,,,,,,,,,,,,,,,,,,,,,,,,,,,,,,,,,,,,,,,,,,,,,,,,,,,,,,,,,,,,,,,,,,,,,,,,,,,,,,,,,,,,,,,,,,,,,,,,,,,,,,,,,,,,,,,,,,,,,,,,,,,,,,,,,,,,,,,,,,,,,,,,,,,,,,,,,,,,,,,,,,,,,,,,,,,,,,,,,,,,,,,,,,,,,,,,,,,,,,,,,,,,,,,,,,,,,,,,,,,,,,,,,,
a8.montachique.2015,,,,,,,,,,,18.356164383561644,18.356164383561644,18.356164383561644,18.356164383561644,15.89041095890411,15.89041095890411,15.89041095890411,18.08219178082192,18.08219178082192,18.08219178082192,,,,,,,,,,,,,,,,,,,,,,,,,,,,,,,,,,,,,,,,,,,,,,,,,,,,,,,,,,,,,,,,,,,,,,,,,,,,,,,,,,,,,,,,,,,,,,,,,18.356164383561644,18.356164383561644,,,,,,,,,,,,,,,,,,,,,,,,,,,,,,,,,,,,,,,,,,,,,,,,,,,,,,,,,,,,,,,,,,,,,,,,,,,,,,,,,,,,,,,,,,,,,,,,,,,,,,,,,,,,,,,,,,,,,,,,,,,,,,,,,,,,,,,,,,,,,,,,,,,,,,,,,,,,,,,,,,,,,,,,,,,
a8.montachique.2016,,,,,,,,,,,,,,,,,,,,,,,,,,,,,,,,,,,,,,,,,,,,,,,,,,,,,,,,,,,,,,,,,,,,,,,,,,,,,,,,17.48633879781421,17.48633879781421,17.21311475409836,17.21311475409836,17.21311475409836,17.48633879781421,17.48633879781421,17.48633879781421,17.48633879781421,,17.48633879781421,17.48633879781421,,,,,,,,,,,,,,,,,,,,,,,,,,,,,,,,,,,,,,,,,,,,,,,,,,,,,,,,,,,,,,,,,,,,,,,,,,,,,,,,,,,,,,,,,,,,,,,,,,,,,,,,,,,,,,,,,,,,,,,,,,,,,,,,,,,,,,,,,,,,,,,,,,,,,,,,,,,,,,,,,,,,,,,,,,,,,,,,,,,,,,,,,,,,,,,,,,,,,,
a8.montachique.2021,,,,,,,,,,,,,,,,,,,,,,,,,,,,,,,,,,,,,,,,,,,,,,,,,,,,,17.80821917808219,17.80821917808219,17.80821917808219,17.80821917808219,15.616438356164384,15.616438356164384,17.80821917808219,17.80821917808219,,,,,,,,,,,,,,,,,,,,,,,,,,,,,,,,,,,,,,,,,,,,,,,,,,,,,,,,17.26027397260274,,,,,,,,,,,,,,,,,,,,,,,,,,,,,,,,,,,,,,,,,,,,,,,,,,,,,,,,,,,,,,,,,,,,,,,,,,,,,,,,,,,,,,,,,,,,,,,,,,,,,,,,,,,,,,,,,,,,,,,,,,,,,,,,,,,,,,,,,,,,,,,,,,,,,,,,,,,,,,,,,,,,,,,,,,,,,
braco.prata_lisboa.2022,,,,,,,,,,,,,,,,,,,,,,,,,,,,,,,,,,,,,,,,,,,,,,,,,,,,,,,,,,,,,,,,,,,,,,,,,,,,,,,,,,,,,,,,,,,,,,,,,,12.054794520547945,12.054794520547945,12.054794520547945,12.054794520547945,,,,,,,,,,,,,,,,,,,,,,,,,,,,,,,,,,,,,,,,,,,,,,,,,,,,,,,,,,,,,,,,,,,,,,,,,,,,,,,,,,,,,,,,,,,,,,,,,,,,,,,,,,,,,,,,,,,,,,,,,,,,,,,,,,,,,,,,,,,,,,,,,,,,,,,,,,,,,,,,,,,,,,,,,,,,,,,,,,,,,,,,,,,,
braço.prata_lisboa.2022,,,,,,,,,,,,,,,,,,,,,,,,,,,,,,,,,,,,,,,,,,,,,,,,,,,,,,,,,,,,,,,,,,,,,,,,,,,,,,,,,,,,,,,,,,,,,,,,,,12.054794520547945,12.054794520547945,12.054794520547945,12.054794520547945,,,,,,,,,,,,,,,,,,,,,,,,,,,,,,,,,,,,,,,,,,,,,,,,,,,,,,,,,,,,,,,,,,,,,,,,,,,,,,,,,,,,,,,,,,,,,,,,,,,,,,,,,,,,,,,,,,,,,,,,,,,,,,,,,,,,,,,,,,,,,,,,,,,,,,,,,,,,,,,,,,,,,,,,,,,,,,,,,,,,,,,,,,,,
casal do meio.2013,,,,,,,,,,,,,,,,,,,,,,,,,,,,,,,,,,,,,,,,,,,,,,,,,,,,,,,,,,,,,,,,,,,,,,,,,,,,,,,,,,,,,,,,,,,,,,,,,,,,,,,17.534246575342465,17.534246575342465,17.534246575342465,17.534246575342465,17.534246575342465,16.438356164383563,16.71232876712329,16.71232876712329,,,,,,,,,,,,,,,,,,,,,,,,,,,,,,,,,,,,,,,,,,,,,,,,,,,,,,,,,,,,,,,,,,,,,,,,,,,,,,,,,,,,,,,,,,,,,,,,,,,,,,,,,,,,,,,,,,,,,,,,,,,,,,,,,,,,,,,,,,,,,,,,,,,,,,,,,,,,,,,,,,,,,,,,,,,,,,,,,,,
casal marra,18.356164383561644,18.904109589041095,18.904109589041095,18.904109589041095,18.904109589041095,18.08219178082192,,,18.904109589041095,18.904109589041095,,,,,,,,,,,,,,,,,,,,,,,,,,,,,,,,,,,,,,,,,,,,,,,,,,,,,,,,,,,,,,,,,,,,,,,,,,,,,,,,,,,,,,,,,,,,,,,,,,,,,,,,18.904109589041095,,,,,,,,,,,,,,,,,,,,,,,,,,,,,,,,,,,,,,,,,,,,,,,,,,,,,,,,,,,,,,,,,,,,,,,,,,,,,,,,,,,,,,,,,,,,,,,,,,,,,,,,,,,,,,,,,,,,,,,,,,,,,,,,,,,,,,,,,,,,,,,,,,,,,,,,,,,,,,,,,,,,,,,,,,,,,,,
casal meio,17.534246575342465,18.08219178082192,18.08219178082192,18.08219178082192,18.08219178082192,18.08219178082192,,,18.08219178082192,13.150684931506849,,,,,,,,,,,,,,,,,,,,,,,,,,,,,,,,,,,,,,,,,,,,,,,,,,,,,,,,,,,,,,,,,,,,,,,,,,,,,,,,,,,,,,,,,,,,,,,,,,,,,,,,18.08219178082192,,,,,,,,,,,,,,,,,,,,,,,,,,,,,,,,,,,,,,,,,,,,,,,,,,,,,,,,,,,,,,,,,,,,,,,,,,,,,,,,,,,,,,,,,,,,,,,,,,,,,,,,,,,,,,,,,,,,,,,,,,,,,,,,,,,,,,,,,,,,,,,,,,,,,,,,,,,,,,,,,,,,,,,,,,,,,,,
castelo.paiva_1.2018,,,,,,,16.438356164383563,16.438356164383563,16.438356164383563,16.438356164383563,,,,,,,,,,,,,,,,,,,,,,,,,,,,,,,,,,,,,,,,,,,,,,,,,,,,,,,,,,,,,,,,,,,,,,,,,,,,,,,,,,,,,,,,,,,,,,,,,,,,,,,,,,,,,15.89041095890411,,,,,,,,,,,,,,,,,,,,,,,,,,,,,,,,,,,,,,,,,,,,,,,,,,,,,,,,,,,,,,,,,,,,,,,,,,,,,,,,,,,,,,,,,,,,,,,,,,,,,,,,,,,,,,,,,,,,,,,,,,,,,,,,,,,,,,,,,,,,,,,,,,,,,,,,,,,,,,,,,,,,,,,,,,
dados,,,,,,,100.0,100.0,100.0,100.0,,,,,,,,90.68493150684931,90.68493150684931,90.68493150684931,,,,,,,99.72602739726027,81.36986301369863,,99.72602739726027,99.72602739726027,,,,,,,,99.72602739726027,99.72602739726027,99.72602739726027,99.72602739726027,,,,,,,,,,,,,,,,,,,,,,,,,,,,,,,,,100.0,,100.0,100.0,99.72602739726027,,,,,,,,,99.72677595628416,99.72677595628416,99.72677595628416,99.72677595628416,,,,,,,,,,,99.72602739726027,,,,,,98.35616438356165,98.35616438356165,100.0,,90.68493150684931,,100.0,,,,,,98.35616438356165,99.72602739726027,90.68493150684931,99.72677595628416,100.0,100.0,99.72602739726027,77.26027397260275,99.72677595628416,100.0,98.35616438356165,90.68493150684931,100.0,,,,,,,,,,,,,,,,,,,,,,,,,,,,,,,,,,,,,,,,,,,,,,,,,,,,,,,,,,,,,,,,,,,,,,,,,,,,,,,,,,,,,,,,,,,,,,,,,,,,,,,,,,,,,,,,,,,,,,,,,,,,,,,,,,,,,,,,,,,,,,,,,,,,,,,,,,,,,
data,,,,,,,100.0,,100.0,100.0,,,,,,,,,,,,,,,,,,,,,,,,,,,,,,,,,,,,,,,,,,,,,,,,,,,,,,,,,,,,,,,,,,,,,,,,,,,,,,,,,,,,,,,,,,,,,,,,,,,,,,,,100.0,,,,,,,,,,,100.0,,,,,,,,,,,,,,,,,,,,,,,,,,,,,,,,,,,,,,,,,,,,,,,,,,,,,,,,,,,,,,,,,,,,,,,,,,,,,,,,,,,,,,,,,,,,,,,,,,,,,,,,,,,,,,,,,,,,,,,,,,,,,,,,,,,,,,,,,,,,,,,,,,,,,,,,,,,,,,,,,,,,
ffoz.2023,,,,,,,,,,,,,,,,,,,,,,,,,,,,,,,,,,,,,,,,,,,,,,,,,,,,,,,,,,,,,,,,,,,,,,,,,,,,,,,,,,,,,,,,,,,,,,,,,,,,,,,,,,,,,,,,,,,,,,,,,,,,,,,,,,,,,24.931506849315067,26.301369863013697,26.301369863013697,25.205479452054796,25.205479452054796,25.205479452054796,26.301369863013697,24.65753424657534,24.383561643835616,24.383561643835616,26.301369863013697,26.301369863013697,26.301369863013697,26.301369863013697,26.301369863013697,26.301369863013697,,,,,,,,,,,,,,,,,,,,,,,,,,,,,,,,,,,,,,,,,,,,,,,,,,,,,,,,,,,,,,,,,,,,,,,,,,,,,,,,,,,,,,,,,,,,,,,,,,,,,,,,,,,,,,,,,,,,,,,,,,,,,,,,,,,,,,,,,,,,,
ffoz.2024,,,,,,,,,,,,,,,,,,,,,,,,,,,,,,,,,,,,,,,,,,,,,,,,,,,,,,,,,,,,,,,,,,,,,,,,,,,,,,,,,,,,,,,,,,,,,,,,,,,,,,,,,,,,,,,,,,,,,,,,,,,,,,,,,,,,,,,,,,,,,,,,,,,,,19.398907103825138,20.218579234972676,20.218579234972676,20.218579234972676,20.218579234972676,20.218579234972676,20.218579234972676,19.94535519125683,19.94535519125683,19.94535519125683,20.218579234972676,20.218579234972676,20.218579234972676,20.218579234972676,20.218579234972676,20.218579234972676,,,,,,,,,,,,,,,,,,,,,,,,,,,,,,,,,,,,,,,,,,,,,,,,,,,,,,,,,,,,,,,,,,,,,,,,,,,,,,,,,,,,,,,,,,,,,,,,,,,,,,,,,,,,,,,,,,,,,,,,,,,,,
global_2006_2024,,,,,,,,,99.45205479452055,99.45205479452055,,,,,,,,,88.76712328767124,88.76712328767124,,,,,,,,,,94.52054794520548,94.52054794520548,,,,,,,,,,88.4931506849315,88.4931506849315,,,,,,,94.26229508196721,94.26229508196721,,,,,,,,,96.16438356164383,96.16438356164383,,,,,,,96.17486338797814,96.17486338797814,,,,,,,,,98.08219178082192,98.08219178082192,94.52054794520548,,,,,,,,,,96.44808743169399,96.44808743169399,96.44808743169399,,,,,,,,,96.98630136986301,96.98630136986301,92.6027397260274,,,,,,,89.86301369863014,89.86301369863014,,,,99.45205479452055,,,,,,89.86301369863014,94.52054794520548,89.58904109589041,96.44808743169399,100.0,99.45205479452055,92.87671232876713,,,,89.86301369863014,89.58904109589041,98.08219178082192,,,99.45205479452055,,,,,,,,,,,99.45205479452055,91.78082191780823,91.78082191780823,,,100.0,,,,,,,,,,,100.0,89.07103825136612,89.07103825136612,93.42465753424658,97.26027397260275,94.79452054794521,96.17486338797814,100.0,100.0,100.0,99.17808219178082,98.35616438356165,94.79452054794521,96.17486338797814,100.0,100.0,100.0,100.0,99.18032786885246,99.17808219178082,98.35616438356165,94.79452054794521,100.0,99.18032786885246,99.17808219178082,98.35616438356165,94.79452054794521,,,,,,,,,,,,,,,,,,,,,,,,,,,,,,,,,,,,,,,,,,,,,,,,,,,,,,,,,,,,,,,,,,,,,,,,,,,,,,,,,,,,,,,,,,,,,,,,,,,,,
grandola,,,,,,,,,,,,,,,,,,,,,,,,,,,,,,,,,,,,,,,,,,,,,,,,,,,,,,,,,,,,,,,,,,,,,,,,,,,,,,,,,,,,,,,,,,,,,,,,,,,,,,,,,,,,,,,,,,,,,,,,,,,,,,,,,,,,,,,18.08219178082192,,,,,,,,18.08219178082192,,,18.08219178082192,17.80821917808219,18.08219178082192,,,,,,,,,,,,,,,,,,,,,,,,,,,,,,,,,,,,,,,,,,,,,,,,,,,,,,,,,,,,,,,,,,,,,,,,,,,,,,,,,,,,,,,,,,,,,,,,,,,,,,,,,,,,,,,,,,,,,,,,,,,,,,,,,,,,,,,,,,,,,
ic.32.ch.caparica.2012,,,,,,,,,,,,,,,,,,,,,,,,,,,,,,,,,,,,,,,,,,,,,,,,,,,,,,,,,,,,,10.92896174863388,10.92896174863388,10.92896174863388,10.92896174863388,,10.92896174863388,10.92896174863388,10.92896174863388,,,,,,,,,,,,,,,,,,,,,,,,,,,,,,,,,,,,,,,,,,,,,,,,,,,,,,,,,,,,,,,,,,,,,,,,,,,,,,,,,,,,,,,,,,,,,,,,,,,,,,,,,,,,,,,,,,,,,,,,,10.92896174863388,,,,,,,,,,,,,,,,,,,,,,,,,,,,,,,,,,,,,,,,,,,,,,,,,,,,,,,,,,,,,,,,,,,,,,,,,,,,,,,,,,,,,,,,,,,,,,,,,,,,
ilhavo.2017,,,,,,,,,,,,,,,,,,,,,,,,,,,,,,,,,,,,,,,,,,,,,,,,,,,,,,,,,,,,,,,,,,,,,15.616438356164384,15.068493150684931,15.616438356164384,15.616438356164384,15.616438356164384,,18.356164383561644,15.342465753424657,18.356164383561644,18.356164383561644,,,,,,,,,,,,,,,,,,,,,,,,,,,,,,,,,,,,,,,,,,,,,,,,,,,,,,,,,,,,,,,,,,,,,,,,,,,,,,,,,,,,,,,,,,,,,,,,,,,,,,,,,,,,,,,,15.342465753424657,,,,,,,,,,,,,,,,,,,,,,,,,,,,,,,,,,,,,,,,,,,,,,,,,,,,,,,,,,,,,,,,,,,,,,,,,,,,,,,,,,,,,,,,,,,,,,,,,,,
l1,18.356164383561644,19.45205479452055,19.45205479452055,19.45205479452055,19.45205479452055,19.45205479452055,19.45205479452055,12.32876712328767,19.45205479452055,19.45205479452055,,,,,,,,,,,,,,,,,,,,,,,,,,,,,,,,,,,,,,,,,,,,,,,,,,,,,,,,,,,,,,,,,,,,,,,,,,,,,,,,,,,,,,,,,,,,,,,,,,,,,,,,,,,,,,,,,,,,,,,,,,,,,,,,,,,,,,,,,,,,,,,,,,,,,,,,,,,,,,,,,,,,,,,,,,,,,,,,,,,,,18.356164383561644,18.356164383561644,,,,,,,,,,,,,,,,,,,,,,,,,,,,,,,,,,,,,,,,,,,,,,,,,,,,,,,,,,,,,,,,,,,,,,,,,,,,,,,,,,,,,,,,,,,,,,,,,
l2,13.424657534246576,13.424657534246576,13.424657534246576,13.424657534246576,13.424657534246576,13.424657534246576,13.698630136986301,,13.698630136986301,13.698630136986301,,,,,,,,,,,,,,,,,,,,,,,,,,,,,,,,,,,,,,,,,,,,,,,,,,,,,,,,,,,,,,,,,,,,,,,,,,,,,,,,,,,,,,,,,,,,,,,,,,,,,,,,,,,,,,,,,,,,,,,,,,,,,,,,,,,,,,,,,,,,,,,,,,,,,,,,,,,,,,,,,,,,,,,,,,,,,,,,,,,,,13.424657534246576,13.424657534246576,,,,,,,,,,,,,,,,,,,,,,,,,,,,,,,,,,,,,,,,,,,,,,,,,,,,,,,,,,,,,,,,,,,,,,,,,,,,,,,,,,,,,,,,,,,,,,,,,
l3,17.26027397260274,18.08219178082192,17.80821917808219,17.80821917808219,17.80821917808219,18.08219178082192,17.26027397260274,10.95890410958904,18.08219178082192,18.08219178082192,,,,,,,,,,,,,,,,,,,,,,,,,,,,,,,,,,,,,,,,,,,,,,,,,,,,,,,,,,,,,,,,,,,,,,,,,,,,,,,,,,,,,,,,,,,,,,,,,,,,,,,,,,,,,,,,,,,,,,,,,,,,,,,,,,,,,,,,,,,,,,,,,,,,,,,,,,,,,,,,,,,,,,,,,,,,,,,,,,,,,17.26027397260274,17.26027397260274,,,,,,,,,,,,,,,,,,,,,,,,,,,,,,,,,,,,,,,,,,,,,,,,,,,,,,,,,,,,,,,,,,,,,,,,,,,,,,,,,,,,,,,,,,,,,,,,,
leixoes.2016,,,,,,,,,,,,,,,,,,,,,,,,,,,,,,,,,,,,,,,,,,,,,,,,,,,,,,,,,,,,,,,,,,,,,,,,,,,,,,,,,,,,,17.21311475409836,,17.21311475409836,17.21311475409836,,17.21311475409836,17.21311475409836,,,,,,,,,,,,,,,,,,,,,,,,,,,,,,,,,,,,,,,,,,,,,,,,,,,,,,,,,,,,,,,,,,,,,,,,,,,,,,,,,,,,,,,,,,,,,,,,,,,,,,,,,,,,,,,,,,,,,,,,,,,,,,,,,,,,,,,,,,,,,,,,,,,,,,,,,,,,,,,,,,,,,,,,,,,,,,,,,,,,,,,,,,,,,,,,,,,,,,
leixões.2016,,,,,,,,,,,,,,,,,,,,,,,,,,,,,,,,,,,,,,,,,,,,,,,,,,,,,,,,,,,,,,,,,,,,,,,,,,,,,,,,,,,,,17.21311475409836,17.21311475409836,17.21311475409836,17.21311475409836,,17.21311475409836,17.21311475409836,,,,,,,,,,,,,,,,,,,,,,,,,,,,,,,,,,,,,,,,,,,,,,,,,,,,,,,,,,,,,,,,,,,,,,,,,,,,,,,,,,,,,,,,,,,,,,,,,,,,,,,,,,,,,,,,,,,,,,,,,,,,,,,,,,,,,,,,,,,,,,,,,,,,,,,,,,,,,,,,,,,,,,,,,,,,,,,,,,,,,,,,,,,,,,,,,,,,,,
levante_pq.nacoes_lisboa.2022,,,,,,,,,,,,,,,,,,,,,,,,,,,,,,,,,,,,,,,,,,,,,,,,,,,,,,,,,,,,,,,,,,,,,,,,,,,,,,,,,,,,,,,,,,,,,,,,,,12.876712328767123,12.876712328767123,12.876712328767123,12.876712328767123,,,,,,,,,,,,,,,,,,,,,,,,,,,,,,,,,,,,,,,,,,,,,,,,,,,,,,,,,,,,,,,,,,,,,,,,,,,,,,,,,,,,,,,,,,,,,,,,,,,,,,,,,,,,,,,,,,,,,,,,,,,,,,,,,,,,,,,,,,,,,,,,,,,,,,,,,,,,,,,,,,,,,,,,,,,,,,,,,,,,,,,,,,,,
levante_pq.naçoes_lisboa.2022,,,,,,,,,,,,,,,,,,,,,,,,,,,,,,,,,,,,,,,,,,,,,,,,,,,,,,,,,,,,,,,,,,,,,,,,,,,,,,,,,,,,,,,,,,,,,,,,,,12.876712328767123,12.876712328767123,12.876712328767123,12.876712328767123,,,,,,,,,,,,,,,,,,,,,,,,,,,,,,,,,,,,,,,,,,,,,,,,,,,,,,,,,,,,,,,,,,,,,,,,,,,,,,,,,,,,,,,,,,,,,,,,,,,,,,,,,,,,,,,,,,,,,,,,,,,,,,,,,,,,,,,,,,,,,,,,,,,,,,,,,,,,,,,,,,,,,,,,,,,,,,,,,,,,,,,,,,,,
lisboa.2020_1,,,,,,,,,,,,,,,,,,,,,,,,,,,,,,,,,,,,,,,,,,,,,,,13.934426229508198,,13.934426229508198,13.934426229508198,,,,,,,,,,,,,,,,,,,,,,,,,,,,,,,,,,,,,,,,,,,,,,,,,,,,,,,,,,,,,,,,,,,,,,,,,,,,,,,,,,,,,,,,,,,,,,,,,,,,,,,,,,,,,,,,,,,,,,,,,,,,,,,,,,,,,,,,,,,,,,,,,,,,,,,,,,,,,,,,,,,,,,,,,,,,,,,,,,,,,,,,,,,,,,,,,,,,,,,,,,,,,,,,,,,,,,,,,,,,,,,,,,,,,,,,,,,,,,,
lisboa.pq._nacoes,,,,,,,,,,,,,,,,,,,,,,,,,,,,,,,,,,,,,,,,,,,,,,,,,,,,,,,,,,,,,,,,,,,,,,,,,,,,,,,,,,,,,,,,,,,,,,,,,,,,,,,,,,,,,,,,,,,,,,,,,,,,,,,,,,,,,,,21.095890410958905,,,,,20.82191780821918,,,19.17808219178082,,,21.095890410958905,21.095890410958905,21.095890410958905,,,,,,,,,,,,,,,,,,,,,,,,,,,,,,,,,,,,,,,,,,,,,,,,,,,,,,,,,,,,,,,,,,,,,,,,,,,,,,,,,,,,,,,,,,,,,,,,,,,,,,,,,,,,,,,,,,,,,,,,,,,,,,,,,,,,,,,,,,,,,
lisboa.pq._nações,,,,,,,,,,,,,,,,,,,,,,,,,,,,,,,,,,,,,,,,,,,,,,,,,,,,,,,,,,,,,,,,,,,,,,,,,,,,,,,,,,,,,,,,,,,,,,,,,,,,,,,,,,,,,,,,,,,,,,,,,,,,,,,,,,,,,,,21.095890410958905,,,,,20.82191780821918,,,19.17808219178082,,,21.095890410958905,21.095890410958905,21.095890410958905,,,,,,,,,,,,,,,,,,,,,,,,,,,,,,,,,,,,,,,,,,,,,,,,,,,,,,,,,,,,,,,,,,,,,,,,,,,,,,,,,,,,,,,,,,,,,,,,,,,,,,,,,,,,,,,,,,,,,,,,,,,,,,,,,,,,,,,,,,,,,
loule.2019,,,,,,,,,,,,,,,,,,,,,,,,,,,,,,,,,10.136986301369863,10.136986301369863,10.136986301369863,10.136986301369863,10.136986301369863,10.136986301369863,10.136986301369863,,10.136986301369863,10.136986301369863,,,,,,,,,,,,,,,,,,,,,,,,,,,,,,,,,,,,,,,,,,,,,,,,,,10.136986301369863,,,,,,,,,,,,,,,,,,,,,,,,,,,,,,,,,,,,,,,,,,,,,,,,,,,,,,,,,,,,,,,,,,,,,,,,,,,,,,,,,,,,,,,,,,,,,,,,,,,,,,,,,,,,,,,,,,,,,,,,,,,,,,,,,,,,,,,,,,,,,,,,,,,,,,,,,,,,,,,,,,,,,,,,,,,,,,,,,,,,,,,,,,,,,,,,,,,,,
loule_1.2019,,,,,,,,,,,,,,,,,,,,,,,,,,,,,,,,,,,,,,,,,,,10.655737704918034,10.655737704918034,10.655737704918034,10.655737704918034,10.655737704918034,,10.655737704918034,10.655737704918034,,,,,,,,,,,,,,,,,,,,,,,,,,,,,,,,,,,,,,,,,,,,,,,,,,,,,,,,,,,,,,,,,,,,,,,,,,,,,,,,,,,,,,,,,,,,,,,,,,,,,,,,,,,,,,,,,,,,,,,,,,,,,,,,,,,,,,,,,,,,,,,10.655737704918034,10.655737704918034,10.655737704918034,,,,,,,,,,,,,,,,,,,,,,,,,,,,,,,,,,,,,,,,,,,,,,,,,,,,,,,,,,,,,,,,,,,,,,,,,,,,,,,,,,,,,,,,,,,,,,
loulé.2019,,,,,,,,,,,,,,,,,,,,,,,,,,,,,,,,,10.136986301369863,10.136986301369863,10.136986301369863,10.136986301369863,10.136986301369863,10.136986301369863,10.136986301369863,,10.136986301369863,10.136986301369863,,,,,,,,,,,,,,,,,,,,,,,,,,,,,,,,,,,,,,,,,,,,,,,,,,10.136986301369863,,,,,,,,,,,,,,,,,,,,,,,,,,,,,,,,,,,,,,,,,,,,,,,,,,,,,,,,,,,,,,,,,,,,,,,,,,,,,,,,,,,,,,,,,,,,,,,,,,,,,,,,,,,,,,,,,,,,,,,,,,,,,,,,,,,,,,,,,,,,,,,,,,,,,,,,,,,,,,,,,,,,,,,,,,,,,,,,,,,,,,,,,,,,,,,,,,,,,
loulé_1.2019,,,,,,,,,,,,,,,,,,,,,,,,,,,,,,,,,,,,,,,,,,,10.655737704918034,10.655737704918034,10.655737704918034,10.655737704918034,10.655737704918034,,10.655737704918034,10.655737704918034,,,,,,,,,,,,,,,,,,,,,,,,,,,,,,,,,,,,,,,,,,,,,,,,,,,,,,,,,,,,,,,,,,,,,,,,,,,,,,,,,,,,,,,,,,,,,,,,,,,,,,,,,,,,,,,,,,,,,,,,,,,,,,,,,,,,,,,,,,,,,,,10.655737704918034,10.655737704918034,10.655737704918034,,,,,,,,,,,,,,,,,,,,,,,,,,,,,,,,,,,,,,,,,,,,,,,,,,,,,,,,,,,,,,,,,,,,,,,,,,,,,,,,,,,,,,,,,,,,,,
loures.2020,,,,,,,,,,,,,,,,,,,,,,,,,,,,,,,,,,,,,,,,,,,,,,,,,,,,,10.95890410958904,10.95890410958904,10.95890410958904,10.95890410958904,10.95890410958904,10.95890410958904,10.95890410958904,10.95890410958904,,,,,,,,,,,,,,,,,,,,,,,,,,,,,,,,,,,,,,,,,,,,,,,,,,,,,,,,10.41095890410959,,,,,,,,,,,,,,,,,,,,,,,,,,,,,,,,,,,,,,,,,,,,,,,,,,,,,,,,,,,,,,,,,,,,,,,,,,,,,,,,,,,,,,,,,,,,,,,,,,,,,,,,,,,,,,,,,,,,,,,,,,,,,,,,,,,,,,,,,,,,,,,,,,,,,,,,,,,,,,,,,,,,,,,,,,,,,
matosinhos.2018,18.356164383561644,18.356164383561644,18.356164383561644,18.356164383561644,18.356164383561644,,16.438356164383563,15.616438356164384,18.356164383561644,18.356164383561644,,,,,,,,,,,,,,,,,,,,,,,,,,,,,,,,,,,,,,,,,,,,,,,,,,,,,,,,,,,,,,,,,,,,,,,,,,,,,,,,,,,,,,,,,,,,,,,,,,,,,,,,,,,,,18.356164383561644,,,,,,,,,,,,,,,,,,,,,,,,,,,,,,,,,,,,,,,,,,,,,,,,,,,,,,,,,,,,,,,,,,,,,,,,,,,,,,,,,,,,,,,,,,,,,,,,,,,,,,,,,,,,,,,,,,,,,,,,,,,,,,,,,,,,,,,,,,,,,,,,,,,,,,,,,,,,,,,,,,,,,,,,,,
mesquita.baixa.2017,,,,,,,,,,,,,,,,,,,,,,,,,,,,,,,,,,,,,,,,,,,,,,,,,,,,,,,,,,,,,,,,,,,,,15.342465753424657,15.342465753424657,15.342465753424657,15.342465753424657,15.342465753424657,15.342465753424657,13.972602739726028,15.342465753424657,15.068493150684931,15.068493150684931,,,,,,,,,,,,,,,,,,,,,,,,,,,,,,,,,,,,,,,,,,,,,,,,,,,,,,,,,,,,,,,,,,,,,,,,,,,,,,,,,,,,,,,,,,,,,,,,,,,,,,,,,,,,,,,,15.342465753424657,,,,,,15.342465753424657,15.342465753424657,,,,,,,,,,,,,,,,,,,,,,,,,,,,,,,,,,,,,,,,,,,,,,,,,,,,,,,,,,,,,,,,,,,,,,,,,,,,,,,,,,,,,,,,,,,,
miramar.2021,,,,,,,,,,,,,,,,,,,,,,,,,,,,,,,,,,,,,,,,,,,,,,,,,,,,,10.41095890410959,10.41095890410959,10.41095890410959,10.41095890410959,,,10.41095890410959,10.41095890410959,,,,,,,,,,,,,,,,,,,,,,,,,,,,,,,,,,,,,,,,,,,,,,,,,,,,,,,,,,,,,,,,,,,,,,,,,,,,,,,,,,,,,,,,,,,,,,,,,,,,,,,,,,,,,,,,,,,,,,,,,,,,,,,,,,,,,,,,,,,,,,,,,,,,,,,,,,,,,,,,,,,,,,,,,,,,,,,,,,,,,,,,,,,,,,,,,,,,,,,,,,,,,,,,,,,,,,,,,,,,,,,,,,,,,
p1,18.08219178082192,18.08219178082192,17.80821917808219,17.80821917808219,17.80821917808219,,18.08219178082192,13.424657534246576,18.08219178082192,18.08219178082192,24.10958904109589,24.10958904109589,24.10958904109589,24.10958904109589,27.123287671232877,22.19178082191781,22.19178082191781,26.575342465753426,28.493150684931507,28.493150684931507,17.534246575342465,21.095890410958905,,21.095890410958905,21.095890410958905,21.095890410958905,18.356164383561644,17.534246575342465,,21.095890410958905,21.095890410958905,,19.45205479452055,19.45205479452055,19.45205479452055,19.45205479452055,19.45205479452055,28.21917808219178,28.21917808219178,15.068493150684931,30.410958904109588,30.410958904109588,13.387978142076502,13.387978142076502,13.387978142076502,13.387978142076502,11.475409836065573,11.475409836065573,13.387978142076502,13.387978142076502,,,19.726027397260275,19.726027397260275,19.726027397260275,19.726027397260275,24.65753424657534,19.726027397260275,24.65753424657534,24.65753424657534,,,,,,,,,19.726027397260275,24.10958904109589,24.10958904109589,24.10958904109589,24.10958904109589,13.150684931506849,24.10958904109589,24.10958904109589,24.10958904109589,24.10958904109589,,10.655737704918034,10.92896174863388,10.92896174863388,10.92896174863388,10.92896174863388,27.595628415300546,10.655737704918034,10.655737704918034,27.595628415300546,17.48633879781421,27.595628415300546,27.595628415300546,16.986301369863014,63.013698630136986,70.68493150684931,75.89041095890411,75.89041095890411,75.89041095890411,75.61643835616438,75.34246575342466,76.71232876712328,76.71232876712328,30.410958904109588,,,,,21.91780821917808,,21.91780821917808,21.91780821917808,,,,,,16.164383561643834,,,17.80821917808219,,,,,,,,,14.754098360655737,15.342465753424657,,,,32.054794520547944,37.26027397260274,72.05479452054794,53.42465753424658,53.42465753424658,53.42465753424658,19.45205479452055,72.05479452054794,49.58904109589041,49.58904109589041,71.23287671232876,44.657534246575345,54.794520547945204,72.05479452054794,72.05479452054794,72.05479452054794,25.956284153005466,32.513661202185794,71.03825136612022,32.513661202185794,32.513661202185794,32.513661202185794,15.846994535519126,73.22404371584699,40.16393442622951,40.16393442622951,73.22404371584699,28.14207650273224,18.306010928961747,71.03825136612022,67.21311475409836,72.6775956284153,,,,,,,71.78082191780823,,,,,11.202185792349727,,73.42465753424658,,,,,,,,,,,,21.91780821917808,,,13.114754098360656,13.387978142076502,13.114754098360656,10.95890410958904,10.95890410958904,22.465753424657535,10.92896174863388,15.616438356164384,16.986301369863014,38.9041095890411,11.202185792349727,73.15068493150685,22.465753424657535,10.95890410958904,11.202185792349727,54.52054794520548,10.95890410958904,11.202185792349727,54.52054794520548,22.465753424657535,18.356164383561644,10.92896174863388,28.21917808219178,19.726027397260275,66.3013698630137,22.465753424657535,22.465753424657535,22.465753424657535,,,,,,,,,,,,,,,,,,,,,,,,,,,,,,,,,,,,,,,,,,,,,,,,,,,,,,,,,,,,,,,,,,,,,
p1 casal do meio,,,,,,,,,,,,,,,,,,,,,,,,,,,,,,,,,,,,,,,,,,,,,,,,,,,,,,,,,,,,,,,,,,,,,,,,,,,,,,,,,,,,,,,,,,,,,,,,,,,,,,,,,,,,,,,,,,,,,,,,,,,,,,,,,,,,,,16.986301369863014,16.986301369863014,16.986301369863014,16.986301369863014,16.986301369863014,,16.986301369863014,,,16.164383561643834,,,16.986301369863014,16.986301369863014,16.986301369863014,,,,,,,,,,,,,,,,,,,,,,,,,,,,,,,,,,,,,,,,,,,,,,,,,,,,,,,,,,,,,,,,,,,,,,,,,,,,,,,,,,,,,,,,,,,,,,,,,,,,,,,,,,,,,,,,,,,,,,,,,,,,,,,,,,,,,,,,,,,,,
p1 fonte dos marcos,,,,,,,,,,,,,,,,,,,,,,,,,,,,,,,,,,,,,,,,,,,,,,,,,,,,,,,,,,,,,,,,,,,,,,,,,,,,,,,,,,,,,,,,,,,,,,,,,,,,,,,,,,,,,,,,,,,,,,,,,,,,,,,,,,,,,,11.780821917808218,11.780821917808218,11.780821917808218,11.780821917808218,11.780821917808218,,11.780821917808218,,,11.780821917808218,,,11.780821917808218,11.780821917808218,11.780821917808218,,,,,,,,,,,,,,,,,,,,,,,,,,,,,,,,,,,,,,,,,,,,,,,,,,,,,,,,,,,,,,,,,,,,,,,,,,,,,,,,,,,,,,,,,,,,,,,,,,,,,,,,,,,,,,,,,,,,,,,,,,,,,,,,,,,,,,,,,,,,,
p1 pederneira,,,,,,,,,,,,,,,,,,,,,,,,,,,,,,,,,,,,,,,,,,,,,,,,,,,,,,,,,,,,,,,,,,,,,,,,,,,,,,,,,,,,,,,,,,,,,,,,,,,,,,,,,,,,,,,,,,,,,,,,,,,,,,,,,,,,,15.342465753424657,18.08219178082192,18.08219178082192,18.08219178082192,18.08219178082192,18.08219178082192,,18.08219178082192,,,17.26027397260274,,,18.08219178082192,18.08219178082192,18.08219178082192,,,,,,,,,,,,,,,,,,,,,,,,,,,,,,,,,,,,,,,,,,,,,,,,,,,,,,,,,,,,,,,,,,,,,,,,,,,,,,,,,,,,,,,,,,,,,,,,,,,,,,,,,,,,,,,,,,,,,,,,,,,,,,,,,,,,,,,,,,,,,
p1.asantas.este,19.45205479452055,19.17808219178082,17.26027397260274,17.26027397260274,17.26027397260274,19.17808219178082,19.726027397260275,,19.726027397260275,19.726027397260275,17.534246575342465,17.534246575342465,17.534246575342465,17.534246575342465,17.26027397260274,,,17.80821917808219,17.80821917808219,17.80821917808219,,,,,,,,,,,,,20.54794520547945,20.0,20.54794520547945,20.54794520547945,20.54794520547945,18.08219178082192,20.54794520547945,17.80821917808219,20.54794520547945,20.54794520547945,20.76502732240437,21.311475409836067,21.311475409836067,21.311475409836067,19.12568306010929,19.12568306010929,21.311475409836067,21.311475409836067,,,,,,,,,,,,,,,,,,,,,,,,,,,,,,17.21311475409836,20.491803278688526,20.76502732240437,20.76502732240437,20.76502732240437,18.306010928961747,,,24.043715846994534,,24.043715846994534,24.043715846994534,,,,,,,,,,,,,,,,,,,,10.95890410958904,,,,,,,,17.534246575342465,,,,,,,,,,,,,,,,,,,,,,,,,,,,,,,,,,,,,,,,,,,,,,,,,,,,,,,,,,,,,,,,,,,,,,,,,,21.311475409836067,,,,,,,17.80821917808219,,,21.311475409836067,,,,,,,,,,,,,,,,,,,,,,,,,,,,,,,,,,,,,,,,,,,,,,,,,,,,,,,,,,,,,,,,,,,,,,,,,,,,,,,,,,,,,,
p1.asantas.oeste,,,,,,,,,,,,,,,,,,,,,,,,,,,,,,,,,20.54794520547945,20.54794520547945,20.54794520547945,20.54794520547945,20.54794520547945,20.273972602739725,20.54794520547945,17.80821917808219,20.54794520547945,20.54794520547945,21.311475409836067,21.311475409836067,21.311475409836067,21.311475409836067,19.12568306010929,19.12568306010929,21.311475409836067,21.311475409836067,,,,,,,,,,,,,,,,,,,,,,,,,,,,,,,,,,,,,,,,,,,,,,,,,,,,,,,,,,,,,,,,,,,,,,,,,,,,,,,,,,,,,,,,,,,,,,,,,,,,,,,,,,,,,,,,,,,,,,,,,,,,,,,,,,,,,,,,,,,,,,,21.311475409836067,,,,,,,,,,20.491803278688526,,,,,,,,,,,,,,,,,,,,,,,,,,,,,,,,,,,,,,,,,,,,,,,,,,,,,,,,,,,,,,,,,,,,,,,,,,,,,,,,,,,,,,
p1.gafanha,78.35616438356165,83.56164383561644,81.91780821917808,81.91780821917808,81.91780821917808,83.56164383561644,,,82.73972602739725,82.73972602739725,,,,,,,,,,,,,,,,,,,,,,,98.35616438356165,100.0,99.45205479452055,99.45205479452055,99.45205479452055,100.0,,,96.98630136986301,96.98630136986301,98.90710382513662,94.80874316939891,94.80874316939891,94.80874316939891,,,100.0,100.0,,,100.0,100.0,100.0,100.0,,,100.0,100.0,,,,,,,,,100.0,99.72602739726027,99.72602739726027,99.72602739726027,99.72602739726027,100.0,,100.0,100.0,100.0,,41.80327868852459,41.80327868852459,41.80327868852459,41.80327868852459,41.80327868852459,41.80327868852459,41.80327868852459,41.80327868852459,,41.80327868852459,41.80327868852459,41.80327868852459,98.9041095890411,99.17808219178082,100.0,99.45205479452055,99.45205479452055,99.45205479452055,,,100.0,100.0,96.98630136986301,,,,,,,,,,,83.56164383561644,82.73972602739725,83.56164383561644,98.9041095890411,,,83.28767123287672,,,,,,,,,,,,,100.0,100.0,100.0,,98.35616438356165,98.35616438356165,98.35616438356165,100.0,98.35616438356165,98.35616438356165,98.35616438356165,,,98.63013698630137,100.0,100.0,100.0,94.80874316939891,100.0,,100.0,100.0,100.0,100.0,,,,100.0,100.0,99.4535519125683,,100.0,100.0,,,,,,,,,,,,100.0,100.0,100.0,,,,,,,,,,,,100.0,,,99.4535519125683,99.18032786885246,99.18032786885246,100.0,100.0,,41.80327868852459,83.56164383561644,100.0,100.0,99.18032786885246,100.0,,100.0,97.54098360655738,100.0,100.0,97.54098360655738,100.0,,,41.80327868852459,97.53424657534246,100.0,98.63013698630137,,,,97.53424657534246,97.8082191780822,97.8082191780822,,,,,,,,,,,,,,,,,,,,,,,,,,,,,,,,,,,,,,,,,,,,,,,,,,,,,,,,,,,,,,,,,,
p1.grijo oeste,,,,,,,,,,,17.534246575342465,17.534246575342465,17.534246575342465,17.534246575342465,17.534246575342465,17.534246575342465,17.534246575342465,17.534246575342465,17.534246575342465,17.534246575342465,,18.904109589041095,18.904109589041095,18.904109589041095,18.904109589041095,18.904109589041095,11.780821917808218,,,18.904109589041095,18.904109589041095,,,,,,,,,,,,23.497267759562842,23.497267759562842,23.497267759562842,23.497267759562842,19.672131147540984,19.672131147540984,23.497267759562842,23.497267759562842,18.904109589041095,18.904109589041095,,,,,,,,,21.584699453551913,21.584699453551913,21.584699453551913,21.584699453551913,21.311475409836067,21.85792349726776,21.85792349726776,21.85792349726776,,,,,,,,,,,,,,,,,,,,,,,,,,,,,,,,,,,17.534246575342465,17.534246575342465,17.534246575342465,17.534246575342465,17.534246575342465,17.534246575342465,17.534246575342465,17.534246575342465,,10.95890410958904,,,,,,,,,,,,,,,,,,,,,,,,,,,,,,,,,,,,,,,,,,,,,,,,,,,,,,,,,,,,,17.534246575342465,,,,,,,,,17.534246575342465,13.150684931506849,,,,17.534246575342465,13.150684931506849,,,,,17.21311475409836,,,,,,,,,,23.497267759562842,,,,23.497267759562842,,,23.497267759562842,,,,,,,,,,,,,,17.534246575342465,13.150684931506849,17.534246575342465,12.876712328767123,17.534246575342465,12.876712328767123,17.534246575342465,12.876712328767123,17.534246575342465,13.150684931506849,17.534246575342465,13.150684931506849,21.038251366120218,17.534246575342465,17.534246575342465,13.150684931506849,21.038251366120218,17.534246575342465,17.534246575342465,13.150684931506849,17.534246575342465,13.150684931506849,21.85792349726776,17.534246575342465,18.904109589041095,,,,,,,,,,,,,,,,,,,,,,,,,,,,,,,,,,,,,,,,,
p1.grijo.este,,,,,,,,,,,17.534246575342465,17.534246575342465,17.534246575342465,17.534246575342465,17.534246575342465,17.534246575342465,17.534246575342465,17.534246575342465,17.534246575342465,17.534246575342465,,19.726027397260275,19.726027397260275,19.726027397260275,19.726027397260275,19.726027397260275,,,,18.904109589041095,18.904109589041095,,,,,,,,,,,,23.497267759562842,23.497267759562842,23.497267759562842,23.497267759562842,23.497267759562842,23.497267759562842,23.497267759562842,23.497267759562842,19.726027397260275,19.726027397260275,,,,,,,,,22.950819672131146,22.950819672131146,22.950819672131146,22.950819672131146,22.950819672131146,,21.85792349726776,21.85792349726776,,,,,,,,,,,,,,,,,,,,,,,,,,,,,,,,,,,17.534246575342465,17.534246575342465,17.534246575342465,17.534246575342465,17.534246575342465,17.534246575342465,17.534246575342465,17.534246575342465,15.068493150684931,10.95890410958904,,,,,,,,,,,,,,,,,,,,,,,,,,,,,,,,,,,,,,,,,,,,,,,,,,,,,,,,,,,,,15.342465753424657,,,,,,,,,15.342465753424657,12.876712328767123,,,,15.342465753424657,12.876712328767123,17.759562841530055,,,,23.497267759562842,,,,,,,,,,23.497267759562842,,,,22.404371584699454,,,22.404371584699454,,,,,,,,,,,,,,15.342465753424657,12.602739726027398,15.342465753424657,12.602739726027398,15.342465753424657,12.602739726027398,15.342465753424657,12.602739726027398,15.342465753424657,12.876712328767123,15.342465753424657,,22.950819672131146,17.534246575342465,15.342465753424657,,22.950819672131146,17.534246575342465,15.342465753424657,12.876712328767123,15.342465753424657,12.876712328767123,23.224043715846996,17.534246575342465,19.726027397260275,,,,,,,,,,,,,,,,,,,,,,,,,,,,,,,,,,,,,,,,,
p1.ovar.este,,,,,,,,,,,,,,,,,,,,,,,,,,,,,,,,,,,,,,,,,,,,,,,,,,,,,,,,,,,,,,,,,,10.109289617486338,10.109289617486338,10.109289617486338,,,,,,,,,,,,,,,,,,,,,,,,,,,,,,,,,,,,,,,,,,,,,,,,,,,,,,,,,,,,,,,,,,,,,,,,,,,,,,,,,,,,,,,,,,,,,,,,,,,,,,,,,,,10.109289617486338,,,,,,,,,,,,,,,,,,,,,,,,,,,,,,,,,,,,,,,,,,,,,,,,,,,,,,,,,,,,,,,,,,,,,,,,,,,,,,,,,,,,,,,,,,,,,,,,,,,,,,,,,,,,,,,,,,
p1.ovar.oeste,,,,,,,,,,,,,,,,,,,,,,,,,,,,,,,,,,,,,,,,,,,,,,,,,,,,,,,,,,,,,12.841530054644808,12.841530054644808,12.841530054644808,12.841530054644808,12.841530054644808,12.841530054644808,12.841530054644808,12.841530054644808,,,,,,,,,,,,,,,,,,,,,,,,,,,,,,,,,,,,,,,,,,,,,,,,,,,,,,,,,,,,,,,,,,,,,,,,,,,,,,,,,,,,,,,,,,,,,,,,,,,,,,,,,,,12.841530054644808,,,,,,,,,,,,,,,,,,,,,,,,,,,,,,,,,,,,,,,,,,,,,,,,,,,,,,,,,,,,,,,,,,,,,,,,,,,,,,,,,,,,,,,,,,,,,,,,,,,,,,,,,,,,,,,,,,
p1.perosinho,,,,,,,,,,,,,,,,,,,,,,,,,,,,,,,,,,,,,,,,,,,,,,,,,,,,,,,,,,,,,,,,,,,,,,,,,,,,,,,,,,,,,,,,,,,,,,,,,,,,,,,,,,,,,,,,,,,,,,,,,,,,,,,,,,,,,,,,,,,,,,,,,,,,,,,,,,,,,,,,,,,,,,,,,,,,19.17808219178082,,,,,,,,,18.904109589041095,,,,,19.17808219178082,,,,,,,,,,,,,,,,,,,,,,,,,,,,,,,,,,,,,,,,,,,,,,,,,,,,,,,,,,,,,,,19.17808219178082,19.17808219178082,19.17808219178082,19.17808219178082,19.17808219178082,18.356164383561644,18.08219178082192,18.08219178082192,19.17808219178082,17.26027397260274,16.986301369863014,,,,,,,,,,,,,,,,,,,,,,,,,,,,,,
p1.rmeao.oeste,,,,,,,,,,,,,,,,,,,,,,18.08219178082192,18.08219178082192,18.08219178082192,18.08219178082192,18.08219178082192,15.068493150684931,,,18.08219178082192,18.08219178082192,,,,,,,,,,,,,,,,,,,,,,,,,,,,,,25.956284153005466,25.683060109289617,25.683060109289617,25.683060109289617,23.770491803278688,26.229508196721312,26.229508196721312,26.229508196721312,,,,,,,,,,,,,,,,,,,,,,,,,,,,,,,,,,,18.904109589041095,18.904109589041095,18.904109589041095,18.904109589041095,18.904109589041095,17.534246575342465,18.904109589041095,18.904109589041095,,,,,,,,,,,,,,,,,,,,,,,,,,,,,,,,,,,,,,,,,,,,,,,,,,,,,,,,,,,,,,,18.904109589041095,,,,,,,,11.506849315068493,18.904109589041095,,,,11.506849315068493,18.904109589041095,,,,,,,,,,,,,,,,,,,,,,,,,,,,,,,,,,,,,18.904109589041095,,18.904109589041095,,18.904109589041095,,18.904109589041095,,18.904109589041095,,18.63013698630137,,,,18.63013698630137,,,,18.904109589041095,,16.71232876712329,,,,,11.506849315068493,11.506849315068493,11.506849315068493,11.506849315068493,,11.506849315068493,,,11.506849315068493,,,,,,,,,,,,,,,,,,,,,,,,,,,,,,,,
p1.sjver.este,,,,,,,,,,,,,,,,,,,,,,18.08219178082192,18.08219178082192,18.08219178082192,18.08219178082192,18.08219178082192,,,,18.08219178082192,18.08219178082192,,,,,,,,,,,,,,,,,,,,,,,,,,,,,,24.863387978142075,24.863387978142075,24.863387978142075,24.863387978142075,24.59016393442623,26.229508196721312,26.229508196721312,26.229508196721312,,,,,,,,,,,,,,,,,,,,,,,,,,,,,,,,,,,18.904109589041095,18.904109589041095,18.904109589041095,18.904109589041095,17.80821917808219,17.534246575342465,18.904109589041095,18.904109589041095,,,,,,,,,,,,,,,,,,,,,,,,,,,,,,,,,,,,,,,,,,,,,,,,,,,,,,,,,,,,,,10.95890410958904,16.986301369863014,,26.229508196721312,,,,10.684931506849315,,10.684931506849315,16.986301369863014,,,,10.95890410958904,16.986301369863014,,,,,,,,,,,,,,,,,,,,,,,,,,,,,,,,,,,,,16.986301369863014,,16.986301369863014,,16.986301369863014,,16.986301369863014,,16.986301369863014,,16.986301369863014,,,,16.986301369863014,,,,16.986301369863014,,14.794520547945206,,,15.342465753424657,,11.232876712328768,11.232876712328768,11.232876712328768,11.232876712328768,,10.684931506849315,,,10.95890410958904,,,10.95890410958904,11.232876712328768,11.232876712328768,11.232876712328768,11.232876712328768,16.438356164383563,11.232876712328768,11.232876712328768,11.232876712328768,,,,,,,,,,,,,,,,,,,,,
p15+900,,,,,,,,,,,,,,,,,,,,,,,,,,,,,,,,,,,,,,,,,,,,,,,,,,,,,,,,,,,,,,,,,,,,,,,,,,,,,,,,,,,,,,,,,,,,,,,,,,,,,,,,,,,,,,,,,,,,,,,,,,,,,,,,,,,,,,,,,,,,,,,,,,,,,,,,,,,,,,,,,,,,,,,,,,,,,,,,,,,,,,,10.41095890410959,,,,,10.41095890410959,,,,,,,,,,,,,,,,,,,,,,,,,,,,,,,,,,,,,10.41095890410959,,10.41095890410959,,10.41095890410959,,10.41095890410959,,,,,,,,,,,,10.41095890410959,,,,,,,,,,,,,,,,,,,,,,,,,,,,,,,,,,,,,,,,,,,,,,
p1_2023,,,,,,,,,,,,,,,,,,,,,,,,,,,,,,,,,,,,,,,,,,,,,,,,,,,,,,,,,,,,,,,,,,,,,,,,,,,,,,,,,,,,,,,,,,,,,,,,,,,,,,,,,,,,,,,,,,,,,,,,,,,,,,,,,,,,,,16.438356164383563,16.438356164383563,16.438356164383563,16.438356164383563,16.438356164383563,,16.438356164383563,,,16.164383561643834,,,16.438356164383563,16.438356164383563,16.438356164383563,,,,,,,,,,,,,,,,,,,,,,,,,,,,,,,,,,,,,,,,,,,,,,,,,,,,,,,,,,,,,,,,,,,,,,,,,,,,,,,,,,,,,,,,,,,,,,,,,,,,,,,,,,,,,,,,,,,,,,,,,,,,,,,,,,,,,,,,,,,,,
p2,12.32876712328767,14.246575342465754,14.246575342465754,14.246575342465754,14.246575342465754,,14.794520547945206,12.32876712328767,14.794520547945206,14.794520547945206,,,,,,,,,,,,22.465753424657535,,22.465753424657535,,22.465753424657535,19.726027397260275,17.534246575342465,,19.726027397260275,19.726027397260275,,10.41095890410959,10.684931506849315,10.95890410958904,10.95890410958904,10.95890410958904,,12.602739726027398,,12.602739726027398,12.602739726027398,,,,,,,,,,,19.17808219178082,19.17808219178082,19.17808219178082,19.17808219178082,28.767123287671232,18.63013698630137,28.767123287671232,28.767123287671232,,,,,,,,,18.63013698630137,20.82191780821918,20.82191780821918,20.82191780821918,20.82191780821918,,21.095890410958905,20.82191780821918,21.095890410958905,21.095890410958905,,14.480874316939891,14.754098360655737,14.754098360655737,14.754098360655737,14.754098360655737,29.781420765027324,12.568306010928962,12.568306010928962,28.961748633879782,17.48633879781421,31.693989071038253,31.693989071038253,,18.356164383561644,23.561643835616437,23.561643835616437,23.561643835616437,23.561643835616437,24.931506849315067,23.561643835616437,24.931506849315067,24.931506849315067,12.602739726027398,,,,,21.91780821917808,,21.91780821917808,21.91780821917808,,,,,,16.438356164383563,,,13.972602739726028,,,,,,,,,17.759562841530055,14.520547945205479,,,,,,,,,,,,,,,,,,,,10.382513661202186,14.207650273224044,21.038251366120218,14.207650273224044,14.207650273224044,14.207650273224044,11.475409836065573,19.398907103825138,14.207650273224044,14.207650273224044,21.311475409836067,10.92896174863388,14.207650273224044,21.038251366120218,21.311475409836067,21.311475409836067,,,,,,,14.246575342465754,,,,,,,14.246575342465754,,,,,,,,,,,,20.82191780821918,,,,,,,,,14.754098360655737,11.780821917808218,15.89041095890411,11.780821917808218,,14.246575342465754,,,,14.246575342465754,,,14.246575342465754,,,14.754098360655737,10.95890410958904,18.63013698630137,23.561643835616437,,,,,,,,,,,,,,,,,,,,,,,,,,,,,,,,,,,,,,,,,,,,,,,,,,,,,,,,,,,,,,,,,,,,,,,,
p2 casal s.joao,,,,,,,,,,,,,,,,,,,,,,,,,,,,,,,,,,,,,,,,,,,,,,,,,,,,,,,,,,,,,,,,,,,,,,,,,,,,,,,,,,,,,,,,,,,,,,,,,,,,,,,,,,,,,,,,,,,,,,,,,,,,,,,,,,,,,,10.95890410958904,10.95890410958904,10.95890410958904,10.95890410958904,10.95890410958904,,10.95890410958904,,,10.95890410958904,,,10.95890410958904,10.95890410958904,10.95890410958904,,,,,,,,,,,,,,,,,,,,,,,,,,,,,,,,,,,,,,,,,,,,,,,,,,,,,,,,,,,,,,,,,,,,,,,,,,,,,,,,,,,,,,,,,,,,,,,,,,,,,,,,,,,,,,,,,,,,,,,,,,,,,,,,,,,,,,,,,,,,,
p2 casal s.joão,,,,,,,,,,,,,,,,,,,,,,,,,,,,,,,,,,,,,,,,,,,,,,,,,,,,,,,,,,,,,,,,,,,,,,,,,,,,,,,,,,,,,,,,,,,,,,,,,,,,,,,,,,,,,,,,,,,,,,,,,,,,,,,,,,,,,,10.95890410958904,10.95890410958904,10.95890410958904,10.95890410958904,10.95890410958904,,10.95890410958904,,,10.95890410958904,,,10.95890410958904,10.95890410958904,10.95890410958904,,,,,,,,,,,,,,,,,,,,,,,,,,,,,,,,,,,,,,,,,,,,,,,,,,,,,,,,,,,,,,,,,,,,,,,,,,,,,,,,,,,,,,,,,,,,,,,,,,,,,,,,,,,,,,,,,,,,,,,,,,,,,,,,,,,,,,,,,,,,,
p3,,,,,,,,,,,,,,,11.232876712328768,,,11.232876712328768,11.232876712328768,11.232876712328768,,,,,,,,,,,,,,,,,,,,,,,,,,,,,,,,,,,,,,,,,,,,,,,,,,,,,,,,,,,,,,,,,22.131147540983605,,,20.76502732240437,17.759562841530055,21.85792349726776,21.85792349726776,,,,,,,,,,,,,,,,17.534246575342465,,17.534246575342465,17.534246575342465,,,,,,,,,,,,,,,,,,,,,,,,,,,,,,,,,,,,,,,,,,,,,,,,,,,,,,,,,,,,,,,,,,,,,,,,,,,,,,,,,,,,,,,,,,,,,,,,,,,,,,,,,,,,,,,,,,,,,,,,,,,,,,,,,,,,,,,,,,,,,,,,,,,,,,,,,,,,,,,,,,,,,,,,,,,,,,,,,,,
p3 quinta da carvalha,,,,,,,,,,,,,,,,,,,,,,,,,,,,,,,,,,,,,,,,,,,,,,,,,,,,,,,,,,,,,,,,,,,,,,,,,,,,,,,,,,,,,,,,,,,,,,,,,,,,,,,,,,,,,,,,,,,,,,,,,,,,,,,,,,,,,10.95890410958904,19.45205479452055,19.45205479452055,19.45205479452055,19.45205479452055,19.45205479452055,,19.45205479452055,,,19.45205479452055,,,19.45205479452055,19.45205479452055,19.45205479452055,,,,,,,,,,,,,,,,,,,,,,,,,,,,,,,,,,,,,,,,,,,,,,,,,,,,,,,,,,,,,,,,,,,,,,,,,,,,,,,,,,,,,,,,,,,,,,,,,,,,,,,,,,,,,,,,,,,,,,,,,,,,,,,,,,,,,,,,,,,,,
p6,,,,,,,,,,,,,,,,,,,,,,,,,,,,,,,,,17.534246575342465,,,,,,15.616438356164384,,17.80821917808219,17.80821917808219,,,,,,,,,,,,,,,,,,,,,,,,,,,,,,,,,,,,,,,,,,,,,,,,,,,,,,,,,,,,17.80821917808219,,,,,,,,,,,,,,,,,,,,,,,,,,,,,,,,,,,,,,,,,,,,,,,,,,,,,,,,,,,,,,,,,,,,,,,,,,,,,,,,,,,,,,,,,,,,,,,,,,,,,,,,,,,,,,,,,,,,,,,,,,,,,,,,,,,,,,,,,,,,,,,,,,,,,,,,,,,,,,,,,,,,,,,15.342465753424657,15.342465753424657,,,,,,,,,,,,,,,,,,,
pederneira,17.80821917808219,18.904109589041095,18.904109589041095,18.904109589041095,18.904109589041095,18.904109589041095,,,18.904109589041095,18.904109589041095,,,,,,,,,,,,,,,,,,,,,,,,,,,,,,,,,,,,,,,,,,,,,,,,,,,,,,,,,,,,,,,,,,,,,,,,,,,,,,,,,,,,,,,,,,,,,,,,,,,,,,,,18.904109589041095,,,,,,,,,,,,,,,,,,,,,,,,,,,,,,,,,,,,,,,,,,,,,,,,,,,,,,,,,,,,,,,,,,,,,,,,,,,,,,,,,,,,,,,,,,,,,,,,,,,,,,,,,,,,,,,,,,,,,,,,,,,,,,,,,,,,,,,,,,,,,,,,,,,,,,,,,,,,,,,,,,,,,,,,,,,,,,,
pederneira.2011_2012,,,,,,,,,,,,,,,,,,,,,,,,,,,,,,,,,,,,,,,,,,,,,,,,,,,,,,,,,,,,,28.415300546448087,28.415300546448087,28.415300546448087,28.415300546448087,27.3224043715847,28.961748633879782,28.961748633879782,28.961748633879782,,,,,,,,,,,,,,,,,,,,,,,,,,,,,,,,,,,,,,,,,,,,,,,,,,,,,,,,,,,,,,,,,,,,,,,,,,,,,,,,,,,,,,,,,,,,,,,,,,,,,,,,,,,10.382513661202186,,,,,,,,,,,,,,,,,,,,,,,,,,,,,,,,,,,,,,,,,,,,,,,,,,,,,,,,,,,,,,,,,,,,,,,,,,,,,,,,,,,,,,,,,,,,,,,,,,,,,,,,,,,,,,,,,,
pederneira.2014,,,,,,,,,,,,,,,,,,,,,,17.534246575342465,17.534246575342465,17.534246575342465,17.534246575342465,17.534246575342465,11.506849315068493,,,17.534246575342465,17.534246575342465,,,,,,,,,,,,,,,,,,,,,,,,,,,,,,,,,,,,,,,,,,,,,,,,,,,,,,,,,,,,,,,,,,,,,,,,,,,,,,,,,,,,,,,,,,,,,,,,,,,,,,,,,,,,,,,,,,,,,,,,,,,,,,,,,,,,,,,,,,,,,,,,,,,,,,,,,,,,,,,,,,,,,,,,,,,,,,,,,,,,,,,,,,,,,,,,,,,,,,,,,,,,,,,,,,,,,,,,,,,,,,,,,,,,,,,,,,,,,,,,,,,,,,,,,,,,,,,,,,
pederneira.2015,,,,,,,,,,,,17.534246575342465,17.534246575342465,17.534246575342465,,,,17.534246575342465,17.534246575342465,17.534246575342465,,,,,,,,,,,,,,,,,,,,,,,,,,,,,,,,,,,,,,,,,,,,,,,,,,,,,,,,,,,,,,,,,,,,,,,,,,,,,,,,,,,,,,,,,,,,17.534246575342465,,,,,,,,,,,,,,,,,,,,,,,,,,,,,,,,,,,,,,,,,,,,,,,,,,,,,,,,,,,,,,,,,,,,,,,,,,,,,,,,,,,,,,,,,,,,,,,,,,,,,,,,,,,,,,,,,,,,,,,,,,,,,,,,,,,,,,,,,,,,,,,,,,,,,,,,,,,,,,,,,,,,,,,,,,,,,,,,,
pegoes.2019,,,,,,,,,,,,,,,,,,,,,,,,,,,,,,,,,,,,,,21.095890410958905,21.36986301369863,,21.36986301369863,21.36986301369863,,,,,,,,,,,,,,,,,,,,,,,,,,,,,,,,,,,,,,,,,,,,,,,,,,,,,,,,,,,,,,,,,,,,,,,,,,,,,,,,,,,,,,,,,,,,,,,,,,,,,,,,,,,,,,,,,,,,,,,,,,,,,,,,,,,,,,,,,,,,,,,,,,,,,,,,,,,,,,,,,,,,,,,,,,,,,,,,,,,,,,,,,,,,,,,,,,,,,,,,,,,,,,,,,,,,,,,,,,,,,,,,,,,,,,,,,,,,,,,,,,,,,,,
pegoes.2021,,,,,,,,,,,,,,,,,,,,,,,,,,,,,,,,,,,,,,,,,,,,,,,,,,,,,,,,,22.465753424657535,,23.561643835616437,23.561643835616437,,,,,,,,,,,,,,,,,,,,,,,,,,,,,,,,,,,,,,,,,,,,,,,,,,,,,,,,,,,,,,,,,,,,,,,,,,,,,,,,,,,,,,,,,,,,,,,,,,,,,,,,,,,,,,,,,,,,,,,,,,,,,,,,,,,,,,,,,,,,,,,,,,,,,,,,,,,,,,,,,,,,,,,,,,,,,,,,,,,,,,,,,,,,,,,,,,,,,,,,,,,,,,,,,,,,,,,,,,,,,,,,,,,,,
pegões.2019,,,,,,,,,,,,,,,,,,,,,,,,,,,,,,,,,,,,,,21.095890410958905,21.36986301369863,,21.36986301369863,21.36986301369863,,,,,,,,,,,,,,,,,,,,,,,,,,,,,,,,,,,,,,,,,,,,,,,,,,,,,,,,,,,,,,,,,,,,,,,,,,,,,,,,,,,,,,,,,,,,,,,,,,,,,,,,,,,,,,,,,,,,,,,,,,,,,,,,,,,,,,,,,,,,,,,,,,,,,,,,,,,,,,,,,,,,,,,,,,,,,,,,,,,,,,,,,,,,,,,,,,,,,,,,,,,,,,,,,,,,,,,,,,,,,,,,,,,,,,,,,,,,,,,,,,,,,,,
pegões.2021,,,,,,,,,,,,,,,,,,,,,,,,,,,,,,,,,,,,,,,,,,,,,,,,,,,,,,,,,22.465753424657535,,23.561643835616437,23.561643835616437,,,,,,,,,,,,,,,,,,,,,,,,,,,,,,,,,,,,,,,,,,,,,,,,,,,,,,,,,,,,,,,,,,,,,,,,,,,,,,,,,,,,,,,,,,,,,,,,,,,,,,,,,,,,,,,,,,,,,,,,,,,,,,,,,,,,,,,,,,,,,,,,,,,,,,,,,,,,,,,,,,,,,,,,,,,,,,,,,,,,,,,,,,,,,,,,,,,,,,,,,,,,,,,,,,,,,,,,,,,,,,,,,,,,,
pk10,,,,,,,,,,,,,,,,,,,,,,,,,,,,,,,,,,,,,,,,,,,,,,,,,,,,,,,,,,,,,,,,,,,,,,,,,,,,,,,,,,,,,,,,,,,,,,,,,,,,,,,,,,,,,,,,,,,,,,,,,,,,,,,,,,,,,,,,,,,,,,,,,,,,,,,,,,,,,,,,,,,,,,,,,,,,17.534246575342465,,,,,,,,,17.534246575342465,,,,,17.534246575342465,,,,,,,,,,,,,,,,,,,,,,,,,,,,,,,,,,,,,,,,,,,,,,,,,,,,,,,,,,,,,,,17.534246575342465,17.534246575342465,17.534246575342465,17.534246575342465,,17.534246575342465,,,17.534246575342465,17.534246575342465,17.534246575342465,,,,,,,,,,,,,,,,,,,,,,,,,,,,,,
pk10+300,,,,,,,,,,,,,,,,,,,,,,,,,,,,,,,,,,,,,,,,,,,,,,,,,,,,,,,,,,,,,,,,,,,,,,,,,,,,,,,,,,,,,,,,,,,,,,,,,,,,,,,,,,,,,,,,,,,,,,,,,,,,,,,,,,,,,,,,,,,,,,,,,,,,,,,,,,,,,,,,,,,,,,,,,,,,17.534246575342465,,,,,,,,,17.534246575342465,,,,,17.534246575342465,,,,,,,,,,,,,,,,,,,,,,,,,,,,,,,,,,,,,,,,,,,,,,,,,,,,,,,,,,,,,,,17.534246575342465,17.534246575342465,17.534246575342465,17.534246575342465,,17.534246575342465,,,17.534246575342465,15.342465753424657,17.534246575342465,,,,,,,,,,,,,,,,,,,,,,,,,,,,,,
pk12,,,,,,,,,,,,,,,,,,,,,,,,,,,,,,,,,,,,,,,,,,,,,,,,,,,,,,,,,,,,,,,,,,,,,,,,,,,,,,,,,,,,,,,,,,,,,,,,,,,,,,,,,,,,,,,,,,,,,,,,,,,,,,,,,,,,,,,,,,,,,,,,,,,,,,,,,,,,,,,,,,,,,,,,,,,,17.534246575342465,,,,,,,,,17.534246575342465,,,,,17.534246575342465,,,,,,,,,,,,,,,,,,,,,,,,,,,,,,,,,,,,,,,,,,,,,,,,,,,,,,,,,,,,,,,17.534246575342465,17.534246575342465,17.534246575342465,17.534246575342465,,17.534246575342465,,,17.534246575342465,17.534246575342465,17.534246575342465,,,,,,,,,,,,,,,,,,,,,,,,,,,,,,
pk15,18.904109589041095,18.904109589041095,18.904109589041095,18.904109589041095,18.904109589041095,18.904109589041095,18.904109589041095,,18.904109589041095,18.904109589041095,,,,,,,,,,,,,,,,,,,,,,,,,,,,,,,,,,,,,,,,,,,,,,,,,,,,,,,,,,,,,,,,,,,,,,,,,,,,,,,,,,,,,,,,,,,,,,,,,,,,,,,,,,,,,,,,,,,,,,,,,,,,,,,,,,,,,,,,,,,,,,,,,,,,,,,,,,,,,,,,,,,,,,,,,,17.48633879781421,,,,,17.48633879781421,,,,,,,,,,,,,,,,,,,,,,,,,,,,,,,,,,,,,,,,,,,,,,,,,,,,,,,,,,,,,,,,,,,,,,,,,,,,,,,,,,,,,,10.92896174863388,17.48633879781421,15.300546448087431,17.48633879781421,17.48633879781421,17.48633879781421,17.48633879781421,15.300546448087431,17.48633879781421,10.92896174863388,10.92896174863388,,,,,,,,
pk15+800,,,,,,,,,,,,,,,,,,,,,,,,,,,,,,,,,,,,,,,,,,,,,,,,,,,,,,,,,,,,,,,,,,,,,,,,,,,,,,,,,,,,,,,,,,,,,,,,,,,,,,,,,,,,,,,,,,,,,,,,,,,,,,,,,,,,,,,,,,,,,,,,,,,,,,,,,,,,,,,,,,,,,,,,,,,,17.534246575342465,,,,,,,,,17.26027397260274,,,,,17.26027397260274,,,,,,,,,,,,,,,,,,,,,,,,,,,,,,,,,,,,,,,,,,,,,,,,,,,,,,,,,,,,,,,17.534246575342465,17.534246575342465,17.534246575342465,17.534246575342465,,17.26027397260274,,,17.534246575342465,,,,,,,,,,,,,,,,,,,,,,,,,,,,,,,,
pk15+900,,,,,,,,,,,,,,,,,,,,,,,,,,,,,,,,,,,,,,,,,,,,,,,,,,,,,,,,,,,,,,,,,,,,,,,,,,,,,,,,,,,,,,,,,,,,,,,,,,,,,,,,,,,,,,,,,,,,,,,,,,,,,,,,,,,,,,,,,,,,,,,,,,,,,,,,,,,,,,,,,,,,,,,,,,,,,14.520547945205479,,,,,,,,,14.520547945205479,,,,,14.520547945205479,,,,,,,,,,,,,,,,,,,,,,,,,,,,,,,,,,,,,14.520547945205479,,14.520547945205479,,14.520547945205479,,14.520547945205479,,14.520547945205479,,,,,,,,,,14.520547945205479,,,,,,,,,,,,,,,,,,,,,,,,,,,,,,,,,,,,,,,,,,,,,,,
pk15+9000,,,,,,,,,,,,,,,,,,,,,,,,,,,,,,,,,,,,,,,,,,,,,,,,,,,,,,,,,,,,,,,,,,,,,,,,,,,,,,,,,,,,,,,,,,,,,,,,,,,,,,,,,,,,,,,,,,,,,,,,,,,,,,,,,,,,,,,,,,,,,,,,,,,,,15.300546448087431,21.85792349726776,22.131147540983605,21.584699453551913,21.584699453551913,21.584699453551913,,21.85792349726776,,,22.131147540983605,19.94535519125683,,22.131147540983605,22.131147540983605,22.131147540983605,,,,,,,,,,,,,,,,,,,,,,,,,,,,,,,,,,,,,,,,,,,,,,,,,,,,,,,,,,,,,,,,,,,,,,,,,,,,,,,,,,,,,,,,,,,,,,,,,,,,,,,,,,,,,,,,,,,,,,,,,,,,,
pk33,,,,,,,,,,,,,,,,,,,,,,,,,,,,,,,,,,,,,,,,,,,,,,,,,,,,,,,,,,,,,,,,,,,,,,,,,,,,,,,,,,,,,,,,,,,,,,,,,,,,,,,,,,,,,,,,,,,,,,,,,,,,,,,,,,,,,,,,,,,,,,,,,,,,,,,,,,,,,,,,,,,,,,,,,,,,17.534246575342465,17.534246575342465,,,,,,,,17.534246575342465,17.534246575342465,,,,17.534246575342465,17.534246575342465,,,,,,,,,,,,,,,,,,,,,,,,,,,,,,,,,,,,,17.534246575342465,,17.534246575342465,,17.534246575342465,,17.534246575342465,,17.534246575342465,,,,,,,,,,17.534246575342465,,,,,,,17.534246575342465,17.534246575342465,17.534246575342465,17.534246575342465,,17.26027397260274,,,17.534246575342465,,,,,,,,,,,,,,,,,,,,,,,,,,,,,,,,
pk33+000,,,,,,,,,,,,,,,,,,,,,,,,,,,,,,,,,,,,,,,,,,,,,,,,,,,,,,,,,,,,,,,,,,,,,,,,,,,,,,,,,,,,,,,,,,,,,,,,,,,,,,,,,,,,,,,,,,,,,,,,,,,,,,,,,,,,,,,,,,,,,,,,,,,,,18.306010928961747,18.306010928961747,17.759562841530055,18.306010928961747,18.306010928961747,18.306010928961747,,18.306010928961747,,,17.759562841530055,15.846994535519126,,17.759562841530055,17.759562841530055,17.759562841530055,,,,,,,,,,,,,,,,,,,13.972602739726028,,,,,14.246575342465754,,,,,,,,,,,,,,,,,,,,,,,,,,,,,,,,,,,,,,,13.698630136986301,,13.698630136986301,,13.698630136986301,,13.698630136986301,,,,,,,,,,12.054794520547945,,,,,,,,,,,,,,,,,,,,,,,,,,,,,,,,,,,,,,,,,,,,,,
pk4,18.356164383561644,18.63013698630137,18.356164383561644,18.356164383561644,18.356164383561644,18.63013698630137,18.356164383561644,,18.356164383561644,18.356164383561644,,,,,,,,,,,,,,,,,,,,,,,,,,,,,,,,,,,,,,,,,,,,,,,,,,,,,,,,,,,,,,,,,,,,,,,,,,,,,,,,,,,,,,,,,,,,,,,,,,,,,,,,,,,,,,,,,,,,,,,,,,,,,,,,,,,,,,,,,,,,,,,,,,,,,,,,,,,,,,,,,,18.356164383561644,17.26027397260274,,,,,,,17.48633879781421,18.356164383561644,17.26027397260274,,,17.48633879781421,18.356164383561644,17.26027397260274,,,,,,,,,,,,,,,,,,,,,,,,,,,,,,,,,,,,,17.534246575342465,,17.534246575342465,,17.534246575342465,,17.534246575342465,,17.534246575342465,,,,,,,,,,17.26027397260274,,12.876712328767123,,,,,17.534246575342465,17.534246575342465,17.534246575342465,17.534246575342465,17.534246575342465,17.534246575342465,,,18.356164383561644,18.356164383561644,18.08219178082192,,,,,,,,,,,,,17.48633879781421,10.92896174863388,17.48633879781421,17.48633879781421,17.21311475409836,17.48633879781421,17.48633879781421,17.48633879781421,,,10.41095890410959,17.48633879781421,17.534246575342465,17.48633879781421,17.534246575342465,10.41095890410959,10.41095890410959,
pk4+000,,,,,,,,,,,,,,,,,,,,,,,,,,,,,,,,,,,,,,,,,,,,,,,,,,,,,,,,,,,,,,,,,,,,,,,,,,,,,,,,,,,,,,,,,,,,,,,,,,,,,,,,,,,,,,,,,,,,,,,,,,,,,,,,,,,,,,,,,,,,,,,,,,,,,15.027322404371585,19.94535519125683,19.94535519125683,19.94535519125683,19.94535519125683,19.94535519125683,,19.94535519125683,,,19.94535519125683,18.579234972677597,,19.94535519125683,19.94535519125683,19.94535519125683,,,,,,,,,,,,,,,,,,,13.424657534246576,,,,,13.424657534246576,,,,,,,,,,,,,,,,,,,,,,,,,,,,,,,,,,,,,13.424657534246576,,13.424657534246576,,13.424657534246576,,13.424657534246576,,13.424657534246576,,,,,,,,,,13.424657534246576,,13.424657534246576,,,,,,,,,,,,,,,,,,,,,,,,,,,,,,,,,,,,,,,,,,,,13.424657534246576
pk7+450,,,,,,,,,,,,,,,,,,,,,,,,,,,,,,,,,,,,,,,,,,,,,,,,,,,,,,,,,,,,,,,,,,,,,,,,,,,,,,,,,,,,,,,,,,,,,,,,,,,,,,,,,,,,,,,,,,,,,,,,,,,,,,,,,,,,,,,,,,,,,,,,,,,,,,,,,,,,,,,,,,,,,,,,,,,,,16.986301369863014,,,,,,,,,16.986301369863014,,,,,16.986301369863014,,,,,,,,,,,,,,,,,,,,,,,,,,,,,,,,,,,,,17.534246575342465,,17.534246575342465,,17.534246575342465,,17.534246575342465,,17.534246575342465,,,,,,,,,,16.986301369863014,,,,,,,,,,,,,,,,,,,,,,,,,,,,,,,,,,,,,,,,,,,,,,,
pragal.2016,,,,,,,,,,,,,,,,,,,,,,,,,,,,,,,,,,,,,,,,,,,,,,,,,,,,,,,,,,,,,,,,,,,,,,,,,,,,,,,,15.300546448087431,17.21311475409836,17.21311475409836,17.21311475409836,17.21311475409836,18.0327868852459,18.0327868852459,18.0327868852459,17.759562841530055,,17.759562841530055,17.759562841530055,,,,,,,,,,,,,,,,,,,,,,,,,,,,,,,,,,,,,,,,,,,,,,,,,,,,,,,,,,,,,,,,,,,,,,,,,,,,,,,,,,,,,,,,,,,,,,,,,,,,,,,,,,,,,,,,,,,,,,,,,,,,,,,,,,,,,,,,,,,,,,,,,,,,,,,,,,,,,,,,,,,,,,,,,,,,,,,,,,,,,,,,,,,,,,,,,,,,,,
pragal.2018,18.63013698630137,18.63013698630137,18.63013698630137,18.63013698630137,18.63013698630137,18.63013698630137,18.63013698630137,,18.63013698630137,18.63013698630137,,,,,,,,,,,,,,,,,,,,,,,,,,,,,,,,,,,,,,,,,,,,,,,,,,,,,,,,,,,,,,,,,,,,,,,,,,,,,,,,,,,,,,,,,,,,,,,,,,,,,,,17.26027397260274,,17.26027397260274,,,,,,,,,,,,,,,,,,,,,,,,,,,,,,,,,,,,,,,,,,,,,,,,,,,,,,,,,,,,,,,,,,,,,,,,,,,,,,,,,,,,,,,,,,,,,,,,,,,,,,,,,,,,,,,,,,,,,,,,,,,,,,,,,,,,,,,,,,,,,,,,,,,,,,,,,,,,,,,,,,,,,,,,,,,,,,
pragal.2020,,,,,,,,,,,,,,,,,,,,,,,,,,,,,,,,,,,,,,,,,,,18.0327868852459,18.0327868852459,18.0327868852459,18.0327868852459,18.579234972677597,18.579234972677597,18.579234972677597,18.579234972677597,,,,,,,,,,,,,,,,,,,,,,,,,,,,,,,,,,,,,,,,,,,,,,,,,,,,,,,,,,,,,,,,,,,,,,,,,,,,,,,,,,,,,,,,,,,,,,,,,,,,,,,,,,,,,,,,,,,,,,,,,,,,,,,,,,,,,,,,,,,,,,,16.120218579234972,,,,,,,,,,,,,,,,,,,,,,,,,,,,,,,,,,,,,,,,,,,,,,,,,,,,,,,,,,,,,,,,,,,,,,,,,,,,,,,,,,,,,,,,,,,,,,,,
pragal.2021,,,,,,,,,,,,,,,,,,,,,,,,,,,,,,,,,,,,,,,,,,,,,,,,,,,,,24.65753424657534,22.465753424657535,22.465753424657535,22.465753424657535,24.65753424657534,24.65753424657534,24.65753424657534,24.65753424657534,,,,,,,,,,,,,,,,,,,,,,,,,,,,,,,,,,,,,,,,,,,,,,,,,,,,,,,,23.561643835616437,,,,,,,,,,,,,,,,,,,,,,,,,,,,,,,,,,,,,,,,,,,,,,,,,,,,,,,,,,,,,,,,,,,,,,,,,,,,,,,,,,,,,,,,,,,,,,,,,,,,,,,,,,,,,,,,,,,,,,,,,,,,,,,,,,,,,,,,,,,,,,,,,,,,,,,,,,,,,,,,,,,,,,,,,,,,,
qta. carvalha,18.08219178082192,18.08219178082192,18.08219178082192,18.08219178082192,18.08219178082192,18.08219178082192,,,18.08219178082192,18.08219178082192,,,,,,,,,,,,,,,,,,,,,,,,,,,,,,,,,,,,,,,,,,,,,,,,,,,,,,,,,,,,,,,,,,,,,,,,,,,,,,,,,,,,,,,,,,,,,,,,,,,,,,,,18.08219178082192,,,,,,,,,,,,,,,,,,,,,,,,,,,,,,,,,,,,,,,,,,,,,,,,,,,,,,,,,,,,,,,,,,,,,,,,,,,,,,,,,,,,,,,,,,,,,,,,,,,,,,,,,,,,,,,,,,,,,,,,,,,,,,,,,,,,,,,,,,,,,,,,,,,,,,,,,,,,,,,,,,,,,,,,,,,,,,,
queluz.2017,,,,,,,,,,,,,,,,,,,,,,,,,,,,,,,,,,,,,,,,,,,,,,,,,,,,,,,,,,,,,,,,,,,,,19.726027397260275,19.726027397260275,18.63013698630137,18.63013698630137,18.63013698630137,18.63013698630137,,19.726027397260275,15.342465753424657,15.342465753424657,,,,,,,,,,,,,,,,,,,,,,,,,,,,,,,,,,,,,,,,,,,,,,,,,,,,,,,,,,,,,,,,,,,,,,,,,,,,,,,,,,,,,,,,,,,,,,,,,,,,,,,,,,,,,,,,19.726027397260275,,,,,,,,,,,,,,,,,,,,,,,,,,,,,,,,,,,,,,,,,,,,,,,,,,,,,,,,,,,,,,,,,,,,,,,,,,,,,,,,,,,,,,,,,,,,,,,,,,,
queluz.2019,,,,,,,,,,,,,,,,,,,,,,,,,,,,,,,,,18.356164383561644,18.356164383561644,18.356164383561644,18.356164383561644,18.356164383561644,18.63013698630137,18.904109589041095,,18.904109589041095,18.904109589041095,,,,,,,,,,,,,,,,,,,,,,,,,,,,,,,,,,,,,,,,,,,,,,,,,,18.356164383561644,,,,,,,,,,,,,,,,,,,,,,,,,,,,,,,,,,,,,,,,,,,,,,,,,,,,,,,,,,,,,,,,,,,,,,,,,,,,,,,,,,,,,,,,,,,,,,,,,,,,,,,,,,,,,,,,,,,,,,,,,,,18.356164383561644,,,,,,,,,,,,,,,,,,,,,,,,,,,,,,,,,,,,,,,,,,,,,,,,,,,,,,,,,,,,,,,,,,,,,,,,,,
queluz.2019 copy,,,,,,,,,,,,,,,,,,,,,,,,,,,,,,,,,18.08219178082192,18.08219178082192,18.904109589041095,18.904109589041095,18.904109589041095,18.08219178082192,18.904109589041095,,18.904109589041095,18.904109589041095,,,,,,,,,,,,,,,,,,,,,,,,,,,,,,,,,,,,,,,,,,,,,,,,,,18.904109589041095,,,,,,,,,,,,,,,,,,,,,,,,,,,,,,,,,,,,,,,,,,,,,,,,,,,,,,,,,,,,,,,,,,,,,,,,,,,,,,,,,,,,,,,,,,,,,,,,,,,,,,,,,,,,,,,,,,,,,,,,,,,18.904109589041095,,,,,,,,,,,,,,,,,,,,,,,,,,,,,,,,,,,,,,,,,,,,,,,,,,,,,,,,,,,,,,,,,,,,,,,,,,
queluz.2019_1,,,,,,,,,,,,,,,,,,,,,,,,,,,,,,,,,18.08219178082192,18.08219178082192,18.904109589041095,18.904109589041095,18.904109589041095,18.08219178082192,18.904109589041095,,18.904109589041095,18.904109589041095,,,,,,,,,,,,,,,,,,,,,,,,,,,,,,,,,,,,,,,,,,,,,,,,,,18.904109589041095,,,,,,,,,,,,,,,,,,,,,,,,,,,,,,,,,,,,,,,,,,,,,,,,,,,,,,,,,,,,,,,,,,,,,,,,,,,,,,,,,,,,,,,,,,,,,,,,,,,,,,,,,,,,,,,,,,,,,,,,,,,18.904109589041095,,,,,,,,,,,,,,,,,,,,,,,,,,,,,,,,,,,,,,,,,,,,,,,,,,,,,,,,,,,,,,,,,,,,,,,,,,
queluz.2021,,,,,,,,,,,,,,,,,,,,,,,,,,,,,,,,,,,,,,,,,,,,,,,,,,,,,13.972602739726028,13.972602739726028,13.972602739726028,13.972602739726028,13.972602739726028,13.972602739726028,13.972602739726028,13.972602739726028,,,,,,,,,,,,,,,,,,,,,,,,,,,,,,,,,,,,,,,,,,,,,,,,,,,,,,,,13.972602739726028,,,,,,,,,,,,,,,,,,,,,,,,,,,,,,,,,,,,,,,,,,,,,,,,,,,,,,,,,,,,,,,,,,,,,,,,,,,,,,,,,,,,,13.972602739726028,,,,,,,,,,,,,,,13.972602739726028,,,,,,,,,,,,,,,,,,,,,,,,,,,,,,,,,,,,,,,,,,,,,,,,,,,,,,,,,,,,,,,,,,,,,,,,,
sc_2019,,,,,,,,,,,,,,,,,,,,,,,,,,,,,,,,,,,,,,,100.0,,100.0,100.0,,,,,,,,,,,,,,,,,,,,,,,,,,,,,,,,,,,,,,,,,,,,,,,,,,,,,,,,,,,,100.0,,,,,,,,,,,,,,,,,,,,,,,,100.0,,,,,,,,,,,,,,,,,,,,,,,,,,,,,,,,,,,,,,,,,,,,,,,,,,,,,,,,,,,,,,,,,,,,,,,,,,,,,,,,,,,,,,,,,,,,,,,,,,,,,,,,,,,,,,,,,,,,,,,,,,,,,,,,,,,,,,,,,,,,,,,,,,,,,,,,,,,,,,,,,,,
sc_2020,,,,,,,,,,,,,,,,,,,,,,,,,,,,,,,,,,,,,,,,,,,,,,,100.0,,100.0,100.0,,,,,,,,,,,,,,,,,,,,,,,,,,,,,,,,,,,,,,,,,,,,,,,,,,,,,,,,,,,,,,,,,,,,,,,,,,,,,,,,,,,,,,,,,,,,,,,,,,,,,,,,,,,,,,,,,,,,,,,100.0,,,,,,,100.0,,,,,,,,,,,,,,,,,,,,,,,,,,,,,,,,,,,,,,,,,,,,,,,,,,,,,,,,,,,,,,,,,,,,,,,,,,,,,,,,,,,,,,,,,,,,,,,,,,,,,,,,,,,,,,,,,
sc_2021,,,,,,,,,,,,,,,,,,,,,,,,,,,,,,,,,,,,,,,,,,,,,,,,,,,,,,,,,96.98630136986301,,99.72602739726027,99.72602739726027,,,,,,,,,,,,,,,,,,,,,,,,,,,,,,,,,,,,,,,,,,,,,,,,,,,,,,,,,,,,,,,,,,,,,,,,,,,,,,,,,,,,,,,,,,,,,,,,,,,,,,,,,,,,,,99.72602739726027,,,,,,,99.72602739726027,,,,,,,,,,,,,,,,,,,,,,,,,,,,,,,,,,,,,,,,,,,,,,,,,,,,,,,,,,,,,,,,,,,,,,,,,,,,,,,,,,,,,,,,,,,,,,,,,,,,,,,,,,,,,,,,
sc_2022,,,,,,,,,,,,,,,,,,,,,,,,,,,,,,,,,,,,,,,,,,,,,,,,,,,,,,,,,,,,,,,,,,,,,,,,,,,,,,,,,,,,,,,,,,,,,,,,,,40.0,,100.0,100.0,,,,,,,,,,,,,,,,,,,,,,,,,,,,,,,,,,,,,,,,,,,,,,,,,,,,,,,,,,,,,,,,,,,,,,100.0,,,,,,,100.0,,,,,,,,,,,,,,,,,,,,,,,,,,,,,,,,,,,,,,,,,,,,,,,,,,,,,,,,,,,,,,,,,,,,,,,,,,,,,,,,,,,,,,,,,,,,,,,,,,,,,,,,,,,,,,,
souselas,,,,,,,,,,,,,,,,,,,,,,,,,,,,,,,,,,,,,,,,,,,,,,,,,,,,,,,,,,,,,,,,,,,,,,,,,,,,,,,,,,,,,,,,,,,,,,,,,,100.0,,100.0,100.0,,,,,,,,,,,,,,,,,,,,,,,,,,,,,,,,,,,,,,,,,,,,,,,,,,,,,,,,,,,,,,,,,,,,,,,,,,,,,100.0,,,,,,,,,,,,,,,,,,,,,,,,,,,,,,,,,,,,,,,,,,,,,,,,,,,,,,,,,,,,,,,,,,,,,,,,,,,,,,,,,,,,,,,,,,,,,,,,,,,,,,,,,,,,,,,
telheiro,18.63013698630137,18.904109589041095,18.63013698630137,18.63013698630137,18.63013698630137,18.904109589041095,,,18.63013698630137,18.63013698630137,,,,,,,,,,,,,,,,,,,,,,,,,,,,,,,,,,,,,,,,,,,,,,,,,,,,,,,,,,,,,,,,,,,,,,,,,,,,,,,,,,,,,,,,,,,,,,,,,,,,,,,,18.63013698630137,,,,,,,,,,,,,,,,,,,,,,,,,,,,,,,,,,,,,,,,,,,,,,,,,,,,,,,,,,,,,,,,,,,,,,,,,,,,,,,,,,,,,,,,,,,,,,,,,,,,,,,,,,,,,,,,,,,,,,,,,,,,,,,,,,,,,,,,,,,,,,,,,,,,,,,,,,,,,,,,,,,,,,,,,,,,,,,
